item_id,best_answer,raw_confidence,adjusted_confidence,tier,runner_up,runner_up_conf,n_supporting,n_with_answer,teacher_consensus,teacher_agrees,teacher_agreement
0,16,0.5329,0.5329,4,"4, 16",0.4671,6,10,,N/A,0
1,A,0.8544,0.8544,2,Unchanged,0.1456,9,10,,N/A,0
2,"-1.461, 1.645, A",0.3928,0.3928,5,"-1.460, 1.645, A",0.194,2,10,,N/A,0
3,B,1.0,1.0,1,,0.0,10,10,,N/A,0
4,"-0.5735, 0.8192, -0.7000",0.7835,0.7835,3,"-\frac{7\sqrt{149}}{149}, \frac{10\sqrt{149}}{149}, -\frac{7}{10}",0.07,5,10,,N/A,0
5,"541.3, 63.25, 135.3, 4.217, 32.09",0.3025,0.3025,5,32.09,0.2084,2,10,,N/A,0
6,148.02,0.7201,0.7201,3,148.03,0.1548,8,10,,N/A,0
7,56,0.6365,0.6365,3,\frac{112}{3},0.201,2,4,,N/A,0
8,420,1.0,1.0,1,,0.0,10,10,,N/A,0
9,\frac{L - 8x}{6F},0.4971,0.4971,4,\frac{L - 8x} $$,0.1902,6,10,,N/A,0
10,E,0.8494,0.8494,2,I,0.1506,8,10,,N/A,0
11,0.9391,0.7201,0.7201,3,answer,0.1548,8,10,,N/A,0
12,11,0.358,0.358,5,"3, 7, 11",0.2634,6,10,,N/A,0
13,C,0.8544,0.8544,2,I,0.1456,9,10,,N/A,0
14,\frac{\ln 35}{\ln 3},0.8494,0.8494,2,\frac{\ln(35)}{\ln(3)},0.1506,8,10,,N/A,0
15,"8, NONE",0.8799,0.8799,2,"NONE, 8",0.0713,7,10,,N/A,0
16,501,0.6365,0.6365,3,858,0.201,2,4,,N/A,0
17,C,0.7231,0.7231,3,E,0.2769,3,4,,N/A,0
18,I,0.7201,0.7201,3,INVALID,0.1548,8,10,,N/A,0
19,E,0.6365,0.6365,3,D,0.201,2,4,,N/A,0
20,"228.0, 229.0, 250.0",0.7835,0.7835,3,229,0.07,5,10,,N/A,0
21,"0.2915t + 56.93, 67.43",0.4151,0.4151,4,67.43,0.3178,2,7,,N/A,0
22,G,0.7201,0.7201,3,H,0.1548,8,10,,N/A,0
23,H,0.8544,0.8544,2,J,0.1456,9,10,,N/A,0
24,1,0.7933,0.7933,3,2,0.2067,9,10,,N/A,0
25,"8, 14, 25, 42, 55, 63",0.7111,0.7111,3,"\frac{8}{63}, \frac{6}{63}, \frac{11}{63}, \frac{17}{63}, \frac{13}{63}, \frac{8}{63}, 8, 14, 25, 42, 55, 63",0.0877,6,10,,N/A,0
26,I,0.7201,0.7201,3,H,0.1548,8,10,,N/A,0
27,"\frac{1}{3}, \frac{2}{3}, \frac{7}{6}, \frac{11}{6}",0.3255,0.3255,5,"\frac{7}{6}, \frac{11}{6}",0.211,2,10,,N/A,0
28,"2, 70.00, 1, 768.0, 2, 140.0",0.6479,0.6479,3,"2, 140.00",0.0823,4,10,,N/A,0
29,38.2,0.7201,0.7201,3,39,0.1548,8,10,,N/A,0
30,"2944, 664",0.6267,0.6267,3,"2944, 665",0.2171,6,10,,N/A,0
31,"-3, 42",0.8799,0.8799,2,"42, -3",0.0713,7,10,,N/A,0
32,"10.05, -1.000, -3.500",0.8414,0.8414,2,"\sqrt{101}, -1, -\frac{7}{2}",0.062,5,10,,N/A,0
33,F,0.7201,0.7201,3,H,0.1548,8,10,,N/A,0
34,J,0.8544,0.8544,2,"The data is right-skewed, 20 is an outlier.",0.1456,9,10,,N/A,0
35,"down, \ln p",0.4198,0.4198,4,"\text{down}, \ln p",0.1461,3,10,,N/A,0
36,40x^{10}y^9,0.7933,0.7933,3,40x^{10}y^{9},0.2067,9,10,,N/A,0
37,"Tommy, Chucky, 7",0.4839,0.4839,4,"Tommy, Chucky, February 7",0.2697,3,9,,N/A,0
38,B,0.8544,0.8544,2,G,0.1456,9,10,,N/A,0
39,475,1.0,1.0,1,,0.0,10,10,,N/A,0
40,800 - 50d,0.7985,0.7985,3,INVALID,0.1264,7,10,,N/A,0
41,4048,0.6365,0.6365,3,3986,0.201,2,4,,N/A,0
42,"No, Yes, A",0.8799,0.8799,2,"A, Yes, No",0.0713,7,10,,N/A,0
43,"0.3750, 14, 28",0.8414,0.8414,2,"\frac{3}{8}, 14, 28",0.062,5,10,,N/A,0
44,"True, True, True, False",0.6501,0.6501,3,"1, 1, 1, 0",0.1355,6,10,,N/A,0
45,J,0.7201,0.7201,3,A,0.1548,8,10,,N/A,0
46,"1.645, 1.719, 1.960, -1.960, 1.719, B, A",0.6479,0.6479,3,"B, A",0.0823,4,10,,N/A,0
47,F,0.8544,0.8544,2,G,0.1456,9,10,,N/A,0
48,C,1.0,1.0,1,,0.0,10,10,,N/A,0
49,0.0143,0.4288,0.4288,4,0.01434,0.1903,2,10,,N/A,0
50,"140A + 150B = 5930, 3A + 4B = 142",0.8414,0.8414,2,"140A+150B=5930, 3A+4B=142",0.062,5,10,,N/A,0
51,25452,0.7201,0.7201,3,25352_8,0.1548,8,10,,N/A,0
52,"231, 385",0.8799,0.8799,2,"385, 231",0.0713,7,10,,N/A,0
53,F,0.8544,0.8544,2,1.65,0.1456,9,10,,N/A,0
54,1,0.6365,0.6365,3,2,0.201,2,4,,N/A,0
55,5x^4,0.4936,0.4936,4,y = 5x^4,0.2245,2,10,,N/A,0
56,"D, D, A",0.8799,0.8799,2,"A, D, D",0.0713,7,10,,N/A,0
57,4.000,0.7933,0.7933,3,5,0.2067,9,10,,N/A,0
58,0,0.6365,0.6365,3,7,0.201,2,4,,N/A,0
59,49,1.0,1.0,1,,0.0,10,10,,N/A,0
60,"C, A",0.8799,0.8799,2,"A, C",0.0713,7,10,,N/A,0
61,"0.7600c, 0, 150, 0.6900c + 10.50, 150",0.6383,0.6383,3,"0.76c, 0, 150, 0.69c + 10.50, 150",0.112,4,10,,N/A,0
62,"-15, 192, 0",0.8799,0.8799,2,"0, 192, -15",0.0713,7,10,,N/A,0
63,"15.84, 18.96",0.7366,0.7366,3,"18.903, 15.897",0.0658,5,10,,N/A,0
64,850 - 350 \cos\left(\frac{\pi}{6} t\right),0.4154,0.4154,4,850 - 350 \cos\left(\frac{\pi t}{6}\right),0.2504,2,10,,N/A,0
65,"-\frac{6}{7}, \frac{2}{7}",0.755,0.755,3,"-\frac{6, \frac{2} $$",0.1938,6,10,,N/A,0
66,2354,0.7151,0.7151,3,2353.64,0.1576,6,8,,N/A,0
67,"7.6 \cdot (1.09)^t, 13.89, 5.382",0.2384,0.2384,5,"7.6(1.09)^t, 13.89, 5.384",0.1741,2,10,,N/A,0
68,5.442,0.2292,0.2292,5,5.443,0.1906,3,9,,N/A,0
69,G,0.7933,0.7933,3,\text{None of the listed options; } \int_0^\pi f(x) dx=\frac{\pi^2-2\pi}{2},0.2067,9,10,,N/A,0
70,\frac{5}{56},1.0,1.0,1,,0.0,10,10,,N/A,0
71,"1.160, 18.00",0.7835,0.7835,3,"29/25, 18",0.07,5,10,,N/A,0
72,"-0.8352, -0.9187, 0.3950, -2.3258,",0.2599,0.2599,5,IV,0.2433,2,10,,N/A,0
73,E,0.8544,0.8544,2,I,0.1456,9,10,,N/A,0
74,"12.32, 25.08",0.4725,0.4725,4,"13.14, 24.26",0.1499,2,7,,N/A,0
75,x > 21250,0.7933,0.7933,3,"x>21{, }250",0.2067,9,10,,N/A,0
76,"-4, -11, 3, 33, -32, 9, -14, -13",0.8799,0.8799,2,"-13, -14, 9, -32, 33, 3, -11, -4",0.0713,7,10,,N/A,0
77,"D, D, A",0.3868,0.3868,5,A,0.3698,3,10,,N/A,0
78,A,1.0,1.0,1,,0.0,10,10,,N/A,0
79,\frac{25}{7},1.0,1.0,1,,0.0,10,10,,N/A,0
80,G,0.8544,0.8544,2,H,0.1456,9,10,,N/A,0
81,79.41,0.7201,0.7201,3,\frac{1747}{22},0.1548,8,10,,N/A,0
82,"1.309, 1.677,",0.3194,0.3194,5,"1.323, 1.677, No",0.247,2,10,,N/A,0
83,6,0.6365,0.6365,3,1420,0.201,2,4,,N/A,0
84,"-4, 5, -11",0.8799,0.8799,2,"-11, 5, -4",0.0713,7,10,,N/A,0
85,F,0.8544,0.8544,2,3,0.1456,9,10,,N/A,0
86,16,1.0,1.0,1,,0.0,10,10,,N/A,0
87,"OBSERVATION, OBSERVATION, EXPERIMENT",0.8647,0.8647,2,"EXPERIMENT, OBSERVATION, OBSERVATION",0.0701,7,9,,N/A,0
88,C,0.7933,0.7933,3,A,0.2067,9,10,,N/A,0
89,46.57,0.8544,0.8544,2,\frac{326}{7},0.1456,9,10,,N/A,0
90,7n + 1,0.8494,0.8494,2,7n+1,0.1506,8,10,,N/A,0
91,J,0.7122,0.7122,3,H,0.1609,6,10,,N/A,0
92,E,0.8544,0.8544,2,F,0.1456,9,10,,N/A,0
93,51,0.5529,0.5529,4,E,0.4471,1,2,,N/A,0
94,C,1.0,1.0,1,,0.0,10,10,,N/A,0
95,12,0.6365,0.6365,3,6,0.201,2,4,,N/A,0
96,158,0.7201,0.7201,3,159,0.1548,8,10,,N/A,0
97,"0, 4, 4",0.6329,0.6329,3,"0, 4",0.2584,5,10,,N/A,0
98,A,1.0,1.0,1,,0.0,9,9,,N/A,0
99,"-6, 12, -6",0.9336,0.9336,1,-6,0.0664,8,10,,N/A,0
100,25.71,0.8494,0.8494,2,\frac{180}{7},0.1506,8,10,,N/A,0
101,"C, C, A, C",0.8799,0.8799,2,"C, A, C, C",0.0713,7,10,,N/A,0
102,E,0.6365,0.6365,3,INVALID,0.201,2,4,,N/A,0
103,11.31,0.7201,0.7201,3,8\sqrt2,0.1548,8,10,,N/A,0
104,4.166,0.7141,0.7141,3,\frac{2387\pi}{1800} \approx 4.166,0.113,7,10,,N/A,0
105,"24, 9.114",0.3961,0.3961,5,"24.00, 9.114",0.2044,3,10,,N/A,0
106,2.167,0.8494,0.8494,2,\frac{13}{6},0.1506,8,10,,N/A,0
107,J,0.8544,0.8544,2,"\left( \frac { 1 }{ 13 }, -\frac { 1 }{ 13 } \right)",0.1456,9,10,,N/A,0
108,"72, 12x",0.6728,0.6728,3,"72.00, 12x",0.2231,5,10,,N/A,0
109,B,0.8544,0.8544,2,J,0.1456,9,10,,N/A,0
110,"3, 9",0.7865,0.7865,3,"A, 9",0.0756,7,10,,N/A,0
111,8x^3,0.7933,0.7933,3,8x^{3},0.2067,9,10,,N/A,0
112,1038,0.5529,0.5529,4,C,0.4471,1,2,,N/A,0
113,\frac{-2x^2 - 16x - 7}{25},0.7201,0.7201,3,\frac{-2x^{2}-16x-7}{25},0.1548,8,10,,N/A,0
114,D,1.0,1.0,1,,0.0,10,10,,N/A,0
115,"11x-1200, 11, 109, (y+1200)/11, 1958",0.4178,0.4178,4,"11x - 1200, 11, 109, (y + 1200)/11, 1958",0.2032,2,10,,N/A,0
116,"30, 6",0.7134,0.7134,3,"30.00, 6.000",0.1487,6,10,,N/A,0
117,B,0.6365,0.6365,3,INVALID,0.201,2,4,,N/A,0
118,3.600,1.0,1.0,1,,0.0,10,10,,N/A,0
119,"A, C, B, D",0.8799,0.8799,2,"D, B, C, A",0.0713,7,10,,N/A,0
120,8,0.5631,0.5631,4,138,0.2416,3,5,,N/A,0
121,35,1.0,1.0,1,,0.0,10,10,,N/A,0
122,"1174.8, 55",0.426,0.426,4,"1174.8, 55.00",0.3016,4,10,,N/A,0
123,G,0.8544,0.8544,2,C,0.1456,9,10,,N/A,0
124,G,0.7463,0.7463,3,B,0.2537,4,5,,N/A,0
125,G,0.8513,0.8513,2,8,0.1487,7,8,,N/A,0
126,138000,1.0,1.0,1,,0.0,10,10,,N/A,0
127,10.70,0.7933,0.7933,3,5\ln\left(\frac{17}{2}\right),0.2067,9,10,,N/A,0
128,\frac{y - 3}{y + 3},0.8494,0.8494,2,\frac{y-3}{y+3},0.1506,8,10,,N/A,0
129,"\frac{5}{\sin t}, \sqrt{7}, -3 \cos t, 2\sqrt{2} \tan t",0.4957,0.4957,4,"5 \csc t, \sqrt{7}, -3 \cos t, 2\sqrt{2} \tan t",0.2709,3,10,,N/A,0
130,r^{42},1.0,1.0,1,,0.0,10,10,,N/A,0
131,0.1084,0.8082,0.8082,2,0.0908,0.1014,8,10,,N/A,0
132,10.80,1.0,1.0,1,,0.0,10,10,,N/A,0
133,"-0.8660, 0.5000, -1.732, 2.000",0.6383,0.6383,3,"-0.8660, 0.5000, -1.732, 2.0000",0.112,4,10,,N/A,0
134,27.63,0.7141,0.7141,3,"1, 5, 12, 20, 26, 30, 31, 28",0.113,7,10,,N/A,0
135,0.6000,0.7933,0.7933,3,36,0.2067,9,10,,N/A,0
136,"A, C",0.8414,0.8414,2,"A, B",0.062,5,10,,N/A,0
137,"\frac{2}{13}, \frac{2}{1}",0.7561,0.7561,3,"2/13, 2/1",0.1094,4,10,,N/A,0
138,7237,0.8082,0.8082,2,7220,0.1014,8,10,,N/A,0
139,"201, \frac{1}{n(n+1)}",0.8799,0.8799,2,"\frac{1}{n(n+1)}, 201",0.0713,7,10,,N/A,0
140,2744,1.0,1.0,1,,0.0,10,10,,N/A,0
141,A,0.7087,0.7087,3,3,0.1155,5,9,,N/A,0
142,"7, 8, 9, 10, 11",1.0,1.0,1,,0.0,10,10,,N/A,0
143,"0, -8, 0, 6, 3, 5.196",0.2586,0.2586,5,"0.000, -8.000, 0.000, 6.000, 3.000, 5.196",0.1889,2,10,,N/A,0
144,C,0.7775,0.7775,3,H,0.123,7,9,,N/A,0
145,"\frac{x}{5280}, 4.735, 25000",0.2024,0.2024,5,"4.735, 25000",0.1963,1,10,,N/A,0
146,F,0.8544,0.8544,2,G,0.1456,9,10,,N/A,0
147,I,0.8544,0.8544,2,H,0.1456,9,10,,N/A,0
148,A,0.8544,0.8544,2,G,0.1456,9,10,,N/A,0
149,6.85,0.7122,0.7122,3,6.86,0.1609,6,10,,N/A,0
150,A,0.8544,0.8544,2,I,0.1456,9,10,,N/A,0
151,36,0.6513,0.6513,3,1,0.3487,5,10,,N/A,0
152,J,0.7933,0.7933,3,874,0.2067,9,10,,N/A,0
153,B,1.0,1.0,1,,0.0,10,10,,N/A,0
154,18.75,1.0,1.0,1,,0.0,10,10,,N/A,0
155,12.17,1.0,1.0,1,,0.0,10,10,,N/A,0
156,H,1.0,1.0,1,,0.0,10,10,,N/A,0
157,"50 \sin(0.1t) - 7 \cos(0.1t), 46.31",0.2332,0.2332,5,"7 \cos(0.1 t) - 50 \sin(0.1 t), -46.31, -46.31",0.2007,1,10,,N/A,0
158,"A, C",0.8799,0.8799,2,"C, A",0.0713,7,10,,N/A,0
159,"0.07, 0.007, 0.0007",0.7134,0.7134,3,"0.0700, 0.0070, 0.0007",0.1487,6,10,,N/A,0
160,"\frac{22 + x}{y},",0.4121,0.4121,4,"\frac{22 + x}{y}, \text{identity property of multiplication}",0.1434,3,9,,N/A,0
161,\binom{2024}{1013},0.5529,0.5529,4,H,0.4471,1,2,,N/A,0
162,B,0.8082,0.8082,2,F,0.1014,8,10,,N/A,0
163,"9, -5, 4",0.8799,0.8799,2,"4, -5, 9",0.0713,7,10,,N/A,0
164,G,0.882,0.882,2,H,0.118,5,7,,N/A,0
165,I,0.6356,0.6356,3,C,0.1036,5,10,,N/A,0
166,175 \cdot \left( \frac{1}{4} \right)^n,0.6173,0.6173,3,175 \left( \frac{1}{4} \right)^n,0.1367,6,10,,N/A,0
167,"B, A, B, B",0.845,0.845,2,"Negative, Negative, Positive, Negative",0.0598,6,10,,N/A,0
168,"A, C, B, B",0.8016,0.8016,2,"C, C, B, B",0.0868,6,10,,N/A,0
169,400.0,0.7201,0.7201,3,401,0.1548,8,10,,N/A,0
170,J,0.7231,0.7231,3,C,0.2769,3,4,,N/A,0
171,20,0.7933,0.7933,3,21,0.2067,9,10,,N/A,0
172,\frac{1320}{3721},1.0,1.0,1,,0.0,10,10,,N/A,0
173,C,1.0,1.0,1,,0.0,4,4,,N/A,0
174,"7.000, 0.8750",0.7835,0.7835,3,8,0.07,5,10,,N/A,0
175,I,0.8886,0.8886,2,J,0.1114,8,9,,N/A,0
176,\frac{p - 6k - m}{8},0.8544,0.8544,2,\frac{p-6k-m}{8},0.1456,9,10,,N/A,0
177,I,0.4936,0.4936,4,E,0.2245,2,10,,N/A,0
178,C,1.0,1.0,1,,0.0,10,10,,N/A,0
179,"29, 3, 21, 1, 21, 4, 19, 4, 23, 3",0.8799,0.8799,2,"3, 23, 4, 19, 4, 21, 1, 21, 3, 29",0.0713,7,10,,N/A,0
180,\frac{1}{2}m - \frac{7}{2},0.7127,0.7127,3,\frac{m - 7}{2},0.1578,6,10,,N/A,0
181,B,0.7128,0.7128,3,D,0.1571,6,10,,N/A,0
182,E,0.8494,0.8494,2,H,0.1506,8,10,,N/A,0
183,D,0.8544,0.8544,2,E,0.1456,9,10,,N/A,0
184,A,0.517,0.517,4,J,0.2851,3,10,,N/A,0
185,"T, F, T, F, T",0.9336,0.9336,1,T,0.0664,8,10,,N/A,0
186,D,0.8544,0.8544,2,3 m/s,0.1456,9,10,,N/A,0
187,"0.0281, 0.0067, 0.3825, 0.4512, 22.00, 18.00, 2, 35.00, 30.00",0.2877,0.2877,5,"45.00, 38.00",0.2225,2,10,,N/A,0
188,"60.00, 60.00, 60.00",0.7892,0.7892,3,61,0.0904,6,10,,N/A,0
189,850a + 1200r = 35000,0.8494,0.8494,2,850a+1200r=35000,0.1506,8,10,,N/A,0
190,-\frac{21}{8},1.0,1.0,1,,0.0,10,10,,N/A,0
191,"D, A, C, B, E",0.8799,0.8799,2,"E, B, C, A, D",0.0713,7,10,,N/A,0
192,"1.059, (1.881, \infty), 0.1449, A",0.3025,0.3025,5,A,0.2084,2,10,,N/A,0
193,A,0.7141,0.7141,3,"A, C, D",0.113,7,10,,N/A,0
194,"600.0, July, 1908, 890.0, March, 1907",0.1945,0.1945,5,"March, 1907",0.1887,1,7,,N/A,0
195,"-2.445, -0.7553",0.3678,0.3678,5,"(-2.445, -0.7554)",0.2217,2,10,,N/A,0
196,"14.7447, 10.3244, 35.0000",0.7049,0.7049,3,15,0.0891,4,10,,N/A,0
197,"3, 4",0.8799,0.8799,2,"4, 3",0.0713,7,10,,N/A,0
198,24,0.6365,0.6365,3,5,0.201,2,4,,N/A,0
199,47,0.6365,0.6365,3,51,0.201,2,4,,N/A,0
200,I,0.8544,0.8544,2,H,0.1456,9,10,,N/A,0
201,1(5t + 8)(5t + 8),0.7141,0.7141,3,(5t+8)^2,0.113,7,10,,N/A,0
202,\frac{54}{35},0.7933,0.7933,3,5436,0.2067,9,10,,N/A,0
203,I,0.8082,0.8082,2,J,0.1014,8,10,,N/A,0
204,B,0.5529,0.5529,4,G,0.4471,1,2,,N/A,0
205,"\frac{3}{4}, \frac{11}{20}",0.6662,0.6662,3,"\frac{3, \frac{11} $$",0.1744,5,10,,N/A,0
206,4,1.0,1.0,1,,0.0,10,10,,N/A,0
207,2.800,0.7933,0.7933,3,146,0.2067,9,10,,N/A,0
208,"16.20, 4.677",0.7413,0.7413,3,"16.2, \frac{720}{49\pi}",0.1053,4,10,,N/A,0
209,B,1.0,1.0,1,,0.0,10,10,,N/A,0
210,"-\frac{49\sqrt{3} + 16\sqrt{33}}{15}, \frac{2x}{x^2 + 1}",0.2332,0.2332,5,", 3, 7",0.2007,1,10,,N/A,0
211,I,0.6365,0.6365,3,G,0.201,2,4,,N/A,0
212,J,0.8544,0.8544,2,I,0.1456,9,10,,N/A,0
213,\frac{2}{9},1.0,1.0,1,,0.0,10,10,,N/A,0
214,"11, F, 7, T",0.7835,0.7835,3,12,0.07,5,10,,N/A,0
215,752,0.7201,0.7201,3,755,0.1548,8,10,,N/A,0
216,60,1.0,1.0,1,,0.0,10,10,,N/A,0
217,C,1.0,1.0,1,,0.0,10,10,,N/A,0
218,0.7754,0.7201,0.7201,3,0.775,0.1548,8,10,,N/A,0
219,27,1.0,1.0,1,,0.0,10,10,,N/A,0
220,A,1.0,1.0,1,,0.0,10,10,,N/A,0
221,2750,1.0,1.0,1,,0.0,10,10,,N/A,0
222,C,1.0,1.0,1,,0.0,4,4,,N/A,0
223,A,0.8752,0.8752,2,C,0.1248,7,10,,N/A,0
224,2643,1.0,1.0,1,,0.0,10,10,,N/A,0
225,"0.6250, 4, 2.776, A",0.3016,0.3016,5,"0.6254, 4, 2.776, A",0.2203,2,10,,N/A,0
226,8,1.0,1.0,1,,0.0,10,10,,N/A,0
227,"9, C",0.7835,0.7835,3,INVALID,0.07,5,10,,N/A,0
228,v^7,0.7933,0.7933,3,v^{7},0.2067,9,10,,N/A,0
229,n-2,0.5529,0.5529,4,A,0.4471,1,2,,N/A,0
230,-2.424,0.7201,0.7201,3,\frac{\log(8/25)}{\log(1.6)},0.1548,8,10,,N/A,0
231,"4.742, 0.5161",0.7141,0.7141,3,y=\frac{16}{31}x+\frac{1029}{217},0.113,7,10,,N/A,0
232,3,0.7201,0.7201,3,41,0.1548,8,10,,N/A,0
233,"1.960, -1.960, -5.177, B",0.4502,0.4502,4,B,0.26,2,10,,N/A,0
234,29x^7 + 6x^5,0.8544,0.8544,2,29x^7+6x^5,0.1456,9,10,,N/A,0
235,B,0.8886,0.8886,2,C,0.1114,8,9,,N/A,0
236,"6e, -6",0.8799,0.8799,2,"-6, 6e",0.0713,7,10,,N/A,0
237,50.00,0.7201,0.7201,3,51,0.1548,8,10,,N/A,0
238,"-61, 61, 62",0.8799,0.8799,2,"62, 61, -61",0.0713,7,10,,N/A,0
239,3.450,0.2339,0.2339,5,"35.00, 3.450",0.1945,3,10,,N/A,0
240,"12.00, 4.900, 3.300",0.7413,0.7413,3,"12\text{ s}, 4.9\text{ ft}, 3.3",0.1053,4,10,,N/A,0
241,B,0.8544,0.8544,2,J,0.1456,9,10,,N/A,0
242,"241.2, 239.5, 233.0, 221.7, 14.89, 6.172",0.3259,0.3259,5,"241.2, 239.5, 233, 221.7, 14.89, 6.173",0.2977,3,10,,N/A,0
243,"0.8925, 0.2150",0.3453,0.3453,5,"0.8925, 0.2151",0.3238,3,10,,N/A,0
244,F,1.0,1.0,1,,0.0,10,10,,N/A,0
245,980,1.0,1.0,1,,0.0,10,10,,N/A,0
246,"25.00, 23.00, 17.00, 23.00, 19.00",0.4296,0.4296,4,"25, 23, 17, 23, 19",0.3958,2,10,,N/A,0
247,"2474, \frac{2474}{1 + 37.06 e^{-0.53t}}, 2474",0.2335,0.2335,5,"2473.8, 2474, \frac{2474} $",0.201,1,10,,N/A,0
248,180,0.6365,0.6365,3,0,0.201,2,4,,N/A,0
249,G,0.8544,0.8544,2,H,0.1456,9,10,,N/A,0
250,48,0.6365,0.6365,3,126,0.201,2,4,,N/A,0
251,172.7,0.7201,0.7201,3,173,0.1548,8,10,,N/A,0
252,C,1.0,1.0,1,,0.0,10,10,,N/A,0
253,E,0.7201,0.7201,3,I,0.1548,8,10,,N/A,0
254,H,0.8544,0.8544,2,J,0.1456,9,10,,N/A,0
255,A,0.6356,0.6356,3,H,0.1036,5,10,,N/A,0
256,"-30, 30",0.8799,0.8799,2,"30, -30",0.0713,7,10,,N/A,0
257,A,0.4694,0.4694,4,"2.520, 3.000, A",0.244,7,10,,N/A,0
258,C,1.0,1.0,1,,0.0,10,10,,N/A,0
259,B,0.7933,0.7933,3,\text{Cannot be determined from the information provided},0.2067,9,10,,N/A,0
260,"-22, 8",0.8799,0.8799,2,"8, -22",0.0713,7,10,,N/A,0
261,4,1.0,1.0,1,,0.0,10,10,,N/A,0
262,"850 - 50t, 1480 - 140t, 7",0.7835,0.7835,3,"850-50t, 1480-140t, 7",0.07,5,10,,N/A,0
263,E,0.7201,0.7201,3,H,0.1548,8,10,,N/A,0
264,256\pi t^2,0.7933,0.7933,3,256 pi t^2,0.2067,9,10,,N/A,0
265,"A, D",0.8799,0.8799,2,"D, A",0.0713,7,10,,N/A,0
266,B,0.6173,0.6173,3,A,0.1367,6,10,,N/A,0
267,C,0.8544,0.8544,2,D,0.1456,9,10,,N/A,0
268,"4450, 14",0.8799,0.8799,2,"14, 4450",0.0713,7,10,,N/A,0
269,"1.717, 0.3198, B",0.3194,0.3194,5,"1.710, 0.3198, B",0.247,2,10,,N/A,0
270,1.255,0.7201,0.7201,3,1.26,0.1548,8,10,,N/A,0
271,"-4, 0, 4",0.8034,0.8034,2,"0, 4, -4",0.1049,7,10,,N/A,0
272,B,1.0,1.0,1,,0.0,10,10,,N/A,0
273,"-\cos^2 x, 1, 2\cos^2 x",0.6975,0.6975,3,"-\cos^2(x), 1, 2\cos^2(x)",0.1009,4,10,,N/A,0
274,G,0.7201,0.7201,3,INVALID,0.1548,8,10,,N/A,0
275,18225,0.6365,0.6365,3,\text{No such positive integer }k,0.201,2,4,,N/A,0
276,"0.5004, none",0.3547,0.3547,5,"0.5004,",0.2743,2,10,,N/A,0
277,38800.00,0.7201,0.7201,3,"\$38, 800.00",0.1548,8,10,,N/A,0
278,38,1.0,1.0,1,,0.0,10,10,,N/A,0
279,J,1.0,1.0,1,,0.0,10,10,,N/A,0
280,H,1.0,1.0,1,,0.0,10,10,,N/A,0
281,"-0.4618, 0.8870, -0.5206, -2.165",0.7049,0.7049,3,"-0.4618, 0.8870, -0.5206, -2.1655",0.0891,4,10,,N/A,0
282,"e^2, -e^2",0.7517,0.7517,3,"-e^2, e^2",0.1442,8,10,,N/A,0
283,114,1.0,1.0,1,,0.0,10,10,,N/A,0
284,E,0.7201,0.7201,3,F,0.1548,8,10,,N/A,0
285,147,0.6365,0.6365,3,441,0.201,2,4,,N/A,0
286,H,0.8544,0.8544,2,G,0.1456,9,10,,N/A,0
287,"212, 136",0.7726,0.7726,3,"213, 136",0.0806,4,10,,N/A,0
288,"96 \cdot 0.9^n, 27.11, 43",0.229,0.229,5,44,0.2277,1,10,,N/A,0
289,"4, 9",0.8799,0.8799,2,"9, 4",0.0713,7,10,,N/A,0
290,C,0.8519,0.8519,2,H,0.1481,8,9,,N/A,0
291,2304,1.0,1.0,1,,0.0,10,10,,N/A,0
292,-2 - \sqrt{3},0.7201,0.7201,3,-2-\sqrt3,0.1548,8,10,,N/A,0
293,2025t - 4300,0.7201,0.7201,3,INVALID,0.1548,8,10,,N/A,0
294,"43.2, 7.2, 6",0.7835,0.7835,3,"42, 7, 6",0.07,5,10,,N/A,0
295,C,1.0,1.0,1,,0.0,10,10,,N/A,0
296,"45, 180, 270",0.4498,0.4498,4,"45.00, 180.00, 270.00",0.2205,5,10,,N/A,0
297,"0.2372, (-\infty, -1.881)U(1.881, \infty), 0.8126, C",0.646,0.646,3,"0.237, (-infty, -1.88)U(1.88, infty), 0.812, Do Not Reject H0",0.1299,3,10,,N/A,0
298,C,1.0,1.0,1,,0.0,10,10,,N/A,0
299,"18805.7,",0.3823,0.3823,5,"18805.7, \text{no} $",0.1859,2,8,,N/A,0
300,6500,1.0,1.0,1,,0.0,10,10,,N/A,0
301,"0.877, 57.2",0.3148,0.3148,5,57.2,0.2856,1,10,,N/A,0
302,H,0.8544,0.8544,2,J,0.1456,9,10,,N/A,0
303,C,1.0,1.0,1,,0.0,10,10,,N/A,0
304,G,0.8544,0.8544,2,H,0.1456,9,10,,N/A,0
305,B,1.0,1.0,1,,0.0,10,10,,N/A,0
306,H,0.7201,0.7201,3,INVALID,0.1548,8,10,,N/A,0
307,\frac{4}{3},0.7933,0.7933,3,44,0.2067,9,10,,N/A,0
308,\frac{1980}{169},0.5529,0.5529,4,E,0.4471,1,2,,N/A,0
309,83000,1.0,1.0,1,,0.0,10,10,,N/A,0
310,NO,0.4632,0.4632,4,"10.00, -6.000, NO",0.2468,5,8,,N/A,0
311,1585,0.7933,0.7933,3,10^{3.2} \approx 1585,0.2067,9,10,,N/A,0
312,4,0.5529,0.5529,4,A,0.4471,1,2,,N/A,0
313,-0.4989,0.7201,0.7201,3,-21414,0.1548,8,10,,N/A,0
314,"7, -8, -4",0.8799,0.8799,2,"-4, -8, 7",0.0713,7,10,,N/A,0
315,"B, B, A",0.8799,0.8799,2,"A, B, B",0.0713,7,10,,N/A,0
316,A,0.6365,0.6365,3,I,0.201,2,4,,N/A,0
317,H,0.8544,0.8544,2,D,0.1456,9,10,,N/A,0
318,"8.000, 0.5626",0.3025,0.3025,5,0.5625,0.2084,2,10,,N/A,0
319,"F, T, T, F",0.7293,0.7293,3,INVALID,0.0836,6,10,,N/A,0
320,"approaches 1, 3.73",0.2646,0.2646,5,3.73,0.2401,1,10,,N/A,0
321,H,0.8544,0.8544,2,1,0.1456,9,10,,N/A,0
322,"40.00, 25.00, 1000.00",0.447,0.447,4,"40, 25, 1000",0.2443,3,10,,N/A,0
323,"[10, 12), [-8, -6), [10, 18), [-16, -6)",0.8799,0.8799,2,"-6), [-16, 18), [10, -6), [-8, 12), [10",0.0713,7,10,,N/A,0
324,H,0.8544,0.8544,2,B,0.1456,9,10,,N/A,0
325,"0, 280.0, 0, 14.00",0.2384,0.2384,5,"280.0, 14.00",0.1741,2,10,,N/A,0
326,"0.67, 0.36, 0.06",0.8799,0.8799,2,"0.06, 0.36, 0.67",0.0713,7,10,,N/A,0
327,7.600,0.7933,0.7933,3,8,0.2067,9,10,,N/A,0
328,"B, D, A, C",0.8016,0.8016,2,"iii, i, iv, ii",0.0868,6,10,,N/A,0
329,D,0.6422,0.6422,3,INVALID,0.1979,4,6,,N/A,0
330,"26.76, 2614",0.5947,0.5947,4,"26.76, 2613.92",0.1043,4,10,,N/A,0
331,H,1.0,1.0,1,,0.0,10,10,,N/A,0
332,"778, 624",0.8799,0.8799,2,"624, 778",0.0713,7,10,,N/A,0
333,"54, 62",0.8799,0.8799,2,"62, 54",0.0713,7,10,,N/A,0
334,F,0.8544,0.8544,2,I,0.1456,9,10,,N/A,0
335,E,1.0,1.0,1,,0.0,10,10,,N/A,0
336,D,1.0,1.0,1,,0.0,10,10,,N/A,0
337,H,0.8544,0.8544,2,J,0.1456,9,10,,N/A,0
338,"y\text{-axis},",0.3492,0.3492,5,origin,0.319,3,9,,N/A,0
339,G,0.7201,0.7201,3,INVALID,0.1548,8,10,,N/A,0
340,"C, E, F",0.6356,0.6356,3,"A, C, E, F, H",0.1036,5,10,,N/A,0
341,"126.0, 36.00",0.2135,0.2135,5,"1, 125",0.2071,1,7,,N/A,0
342,"negative, positive, negative, positive, positive",0.4481,0.4481,4,"\text{Negative}, \text{Positive}, \text{Negative}, \text{Positive},",0.291,5,10,,N/A,0
343,"D, A, C, B, E",0.8799,0.8799,2,"E, B, C, A, D",0.0713,7,10,,N/A,0
344,-5,1.0,1.0,1,,0.0,10,10,,N/A,0
345,"-0.8333, 0.8333",0.827,0.827,2,"-5/6, 5/6",0.0969,4,10,,N/A,0
346,"0.7, 0.07, 0.007",0.4384,0.4384,4,"0.7000, 0.07000, 0.007000",0.2904,4,10,,N/A,0
347,I,0.6365,0.6365,3,B,0.201,2,4,,N/A,0
348,D,0.8544,0.8544,2,C,0.1456,9,10,,N/A,0
349,-\frac{2}{15},1.0,1.0,1,,0.0,10,10,,N/A,0
350,"11100, 11001, 1100111, 1101110, 101001101, 101010100",0.8799,0.8799,2,"101010100, 101001101, 1101110, 1100111, 11001, 11100",0.0713,7,10,,N/A,0
351,A,0.8544,0.8544,2,12.287,0.1456,9,10,,N/A,0
352,68,1.0,1.0,1,,0.0,10,10,,N/A,0
353,"5, 7",0.6479,0.6479,3,"5.000, 7.000",0.0823,4,10,,N/A,0
354,"g, g, t, kg, g",0.3136,0.3136,5,"grams, grams, tonnes, kilograms, grams",0.2425,2,10,,N/A,0
355,H,0.8544,0.8544,2,"(-3, -26/9)",0.1456,9,10,,N/A,0
356,F,0.8544,0.8544,2,J,0.1456,9,10,,N/A,0
357,"320.0, 0.06570",0.7835,0.7835,3,"320, \frac{5}{64\sqrt[4]{2}}",0.07,5,10,,N/A,0
358,B,1.0,1.0,1,,0.0,10,10,,N/A,0
359,D,1.0,1.0,1,,0.0,10,10,,N/A,0
360,D,1.0,1.0,1,,0.0,10,10,,N/A,0
361,180 - 7x,0.8494,0.8494,2,180-7x,0.1506,8,10,,N/A,0
362,(6x - 5y)(6x + 5y),0.7201,0.7201,3,(6x+5y)(6x-5y),0.1548,8,10,,N/A,0
363,"10000(0.89)^t, 4970, 19.76",0.2646,0.2646,5,19.76,0.2401,1,10,,N/A,0
364,"Y, N, Y, N",0.8799,0.8799,2,"N, Y, N, Y",0.0713,7,10,,N/A,0
365,C,1.0,1.0,1,,0.0,10,10,,N/A,0
366,G,0.8544,0.8544,2,I,0.1456,9,10,,N/A,0
367,"60.3, 46.3, 53.3",0.7835,0.7835,3,"60.3°, 46.3°, 53.3°",0.07,5,10,,N/A,0
368,"C, D, D, E",0.8799,0.8799,2,"E, D, D, C",0.0713,7,10,,N/A,0
369,"0.7500, 5.000, 2.000",0.7835,0.7835,3,"value1, value2, value3",0.07,5,10,,N/A,0
370,"-5, 10",0.6599,0.6599,3,"y=-5, 10",0.1265,5,10,,N/A,0
371,7.407,0.7201,0.7201,3,t = \frac{200}{27} \approx 7.41,0.1548,8,10,,N/A,0
372,0.5051,0.7201,0.7201,3,1,0.1548,8,10,,N/A,0
373,"51.13, 56.71",0.6365,0.6365,3,"51.15, 56.69",0.201,2,4,,N/A,0
374,4000,1.0,1.0,1,,0.0,10,10,,N/A,0
375,3.72,0.8494,0.8494,2,A,0.1506,8,10,,N/A,0
376,2832,0.5529,0.5529,4,D,0.4471,1,2,,N/A,0
377,B,1.0,1.0,1,,0.0,7,7,,N/A,0
378,"0.0001420, 0.00002206, 0.0001199, 0.1554, 15.54",0.4063,0.4063,4,"0.0001420, 0.00002208, 0.0001199, 0.1555, 15.55",0.178,2,7,,N/A,0
379,480.0,0.7933,0.7933,3,481,0.2067,9,10,,N/A,0
380,"0.07500, 0.2390, 32000, 16710, 38000, 0.002480, 52000",0.7835,0.7835,3,1,0.07,5,10,,N/A,0
381,2040,1.0,1.0,1,,0.0,10,10,,N/A,0
382,"10.39, 6.111",0.7835,0.7835,3,"10.4, 6.1",0.07,5,10,,N/A,0
383,6266942768,0.5529,0.5529,4,E,0.4471,1,2,,N/A,0
384,\frac{\ln\left(\frac{11}{32}\right) - 3}{5},0.7201,0.7201,3,x = \frac{\ln\!\left(\tfrac{11}{32}\right) - 3}{5},0.1548,8,10,,N/A,0
385,A,0.598,0.598,4,"A, A, A",0.402,5,10,,N/A,0
386,5,0.6365,0.6365,3,3,0.201,2,4,,N/A,0
387,-230.00,0.7933,0.7933,3,-229,0.2067,9,10,,N/A,0
388,"4.110, 3.523, 2.935, 1.174, 0.000",0.6383,0.6383,3,"4.110, 3.523, 2.935, 1.174, 0.0000",0.112,4,10,,N/A,0
389,F,0.7933,0.7933,3,C,0.2067,9,10,,N/A,0
390,"\frac{3}{25}, -\frac{15}{14}",0.6613,0.6613,3,"\frac{3, -\frac{15} $$",0.1428,4,10,,N/A,0
391,B,0.709,0.709,3,Letter,0.115,5,8,,N/A,0
392,81,1.0,1.0,1,,0.0,10,10,,N/A,0
393,"\frac{1}{10} \arccos\left(\frac{x - 6}{16}\right), [-10, 22]",0.3517,0.3517,5,"-10, 22",0.3218,5,10,,N/A,0
394,H,1.0,1.0,1,,0.0,10,10,,N/A,0
395,"28.33, -23.75, -1.429",0.7049,0.7049,3,"85/3, -95/4, -10/7",0.0891,4,10,,N/A,0
396,"(-\text{inf}, 5), (-3, 5]",0.7835,0.7835,3,INVALID,0.07,5,10,,N/A,0
397,"804.2, 2145",0.7835,0.7835,3,257,0.07,5,10,,N/A,0
398,A,0.8544,0.8544,2,H,0.1456,9,10,,N/A,0
399,E,0.8544,0.8544,2,J,0.1456,9,10,,N/A,0
400,E,0.8544,0.8544,2,0.1344,0.1456,9,10,,N/A,0
401,"143.2, 240.0, 52.52, -135.0",0.7835,0.7835,3,"\frac{450°}{\pi}, 240°, \frac{165°}{\pi}, -135°",0.07,5,10,,N/A,0
402,J,0.8544,0.8544,2,I,0.1456,9,10,,N/A,0
403,J,0.4244,0.4244,4,I,0.3026,5,10,,N/A,0
404,52.00,0.8544,0.8544,2,52\%,0.1456,9,10,,N/A,0
405,H,0.4649,0.4649,4,B,0.3731,4,10,,N/A,0
406,-7,1.0,1.0,1,,0.0,10,10,,N/A,0
407,C,1.0,1.0,1,,0.0,10,10,,N/A,0
408,"\frac{5816}{9999}, \frac{3017}{99990}, \frac{574}{999}, \frac{653}{9990}, \frac{428}{999}",0.5597,0.5597,4,", 3, 7, \frac{5816} $$",0.2033,5,10,,N/A,0
409,"(-0.02462, 4.239)",0.5558,0.5558,4,"(-5.0535, 11.3001), (-0.5134, 6.7599)",0.1756,2,5,,N/A,0
410,"45.00, 4.000",0.6383,0.6383,3,"45, 4",0.112,4,10,,N/A,0
411,27.37,0.7201,0.7201,3,39246,0.1548,8,10,,N/A,0
412,\frac{4\sqrt{78} - 35}{72},0.8494,0.8494,2,\frac{4\sqrt{78}-35}{72},0.1506,8,10,,N/A,0
413,"0.8929, (1.84, \infty), 0.2070, \text{A}$ (Do Not Reject $ H_0 $)",0.3766,0.3766,5,"0.893, (1.77, \mathrm{infty}), 0.20, \mathrm{A}",0.2446,1,6,,N/A,0
414,I,0.8544,0.8544,2,B,0.1456,9,10,,N/A,0
415,"\sqrt{\frac{A}{6}}, A, \left( \frac{A}{6} \right)^{3/2}, A",0.2997,0.2997,5,"\left( \frac{A}{6} \right)^{3/2}, A",0.1476,2,10,,N/A,0
416,\frac{11}{16},0.52,0.52,4,"11, 16",0.2215,6,10,,N/A,0
417,"1.006, 0.9675, 28, 29.1, 1.039",0.2155,0.2155,5,"1.006, 0.9676, 28, 29.10, 1.039",0.1574,2,10,,N/A,0
418,"2.958, 1.751, 0.001530, B",0.2332,0.2332,5,"2.958, 1.758, 0.001500, B",0.2007,1,10,,N/A,0
419,n^2,0.7998,0.7998,3,G,0.2002,3,4,,N/A,0
420,H,0.8544,0.8544,2,J,0.1456,9,10,,N/A,0
421,"-\frac{9\sqrt{5}}{20}, -\frac{\sqrt{5}}{20}",0.845,0.845,2,"-\frac{9\sqrt5}{20}, -\frac{\sqrt5}{20}",0.0598,6,10,,N/A,0
422,20,0.6365,0.6365,3,(N+1)(4N^2+2N+1),0.201,2,4,,N/A,0
423,-0.5000,1.0,1.0,1,,0.0,10,10,,N/A,0
424,"\text{parameter}, \text{parameter}, \text{statistic},",0.4296,0.4296,4,"parameter, parameter, statistic, statistic",0.3958,2,10,,N/A,0
425,7,1.0,1.0,1,,0.0,10,10,,N/A,0
426,11,1.0,1.0,1,,0.0,10,10,,N/A,0
427,E,0.8519,0.8519,2,C,0.1481,8,9,,N/A,0
428,"43, 55",0.8799,0.8799,2,"55, 43",0.0713,7,10,,N/A,0
429,7.05,0.7201,0.7201,3,A. \$7.05,0.1548,8,10,,N/A,0
430,E,0.8544,0.8544,2,1,0.1456,9,10,,N/A,0
431,"5, 42",0.8799,0.8799,2,"42, 5",0.0713,7,10,,N/A,0
432,"1.202, 2.129, 4.344, 5.271",0.6356,0.6356,3,"1.190, 2.129, 4.332, 5.271",0.1036,5,10,,N/A,0
433,C,1.0,1.0,1,,0.0,10,10,,N/A,0
434,A,0.7201,0.7201,3,I,0.1548,8,10,,N/A,0
435,"0.4457, 0.5368, A",0.3961,0.3961,5,"0.4457, 0.5368",0.2044,3,10,,N/A,0
436,20,1.0,1.0,1,,0.0,10,10,,N/A,0
437,"(76.37, 79.63)",0.8082,0.8082,2,"(76.4, 79.6)",0.1014,8,10,,N/A,0
438,"5, 9, 1, 10, 2, 0, 10, x^3 y^7, 1",0.7835,0.7835,3,"5, 9, 1, 10, 2, 0, 10, x^{3}y^{7}, 1",0.07,5,10,,N/A,0
439,-\frac{4}{13},1.0,1.0,1,,0.0,10,10,,N/A,0
440,G,0.7201,0.7201,3,INVALID,0.1548,8,10,,N/A,0
441,260,1.0,1.0,1,,0.0,10,10,,N/A,0
442,H,0.7201,0.7201,3,E,0.1548,8,10,,N/A,0
443,G,0.7966,0.7966,3,17,0.2034,2,3,,N/A,0
444,"113, 35, 112, 61, 148, 43",0.8016,0.8016,2,114,0.0868,6,10,,N/A,0
445,129,0.5529,0.5529,4,A,0.4471,1,2,,N/A,0
446,"1.872, 0.9720",0.7049,0.7049,3,"1.873, 0.972",0.0891,4,10,,N/A,0
447,x \leq 4,0.7917,0.7917,3,"(-\infty, 4]",0.2083,8,10,,N/A,0
448,"x^3 - 4x^2 - 6x + 30, x^2 - 9x + 20",0.8414,0.8414,2,"x^3-4x^2-6x+30, x^2-9x+20",0.062,5,10,,N/A,0
449,"3.5850, 0.0003460, B",0.2008,0.2008,5,"3.585, 0.0003170, B",0.1948,1,10,,N/A,0
450,I,0.6365,0.6365,3,A,0.201,2,4,,N/A,0
451,"0.1290, 0.1935, 0.2097, 14, 0.1774, 0.06452",0.7835,0.7835,3,"0.129032258064516, 0.193548387096774, 0.209677419354839, 14, 0.177419354838710, 0.0645161290322581",0.07,5,10,,N/A,0
452,42,1.0,1.0,1,,0.0,10,10,,N/A,0
453,1013,0.5529,0.5529,4,B,0.4471,1,2,,N/A,0
454,"1.500, 0.9375",0.7835,0.7835,3,"1.5, \frac{15}{16}",0.07,5,10,,N/A,0
455,C,1.0,1.0,1,,0.0,10,10,,N/A,0
456,"-7.710, A, B",0.2685,0.2685,5,"-7.740, A, B",0.1961,2,10,,N/A,0
457,G,0.6365,0.6365,3,Letter,0.201,2,4,,N/A,0
458,3,0.6365,0.6365,3,answer,0.201,2,4,,N/A,0
459,"\sin^2(A), \frac{\cos(A)}{\sin(A)}, \sec^2(A), \frac{1}{\tan(A)}, \frac{1}{\sin(A)}",0.7835,0.7835,3,"value1, value2, value3",0.07,5,10,,N/A,0
460,"F, F, T, T, T, T, F",0.8647,0.8647,2,"F, T, T, T, T, F, F",0.0701,7,9,,N/A,0
461,"2.000, 302",0.7835,0.7835,3,3,0.07,5,10,,N/A,0
462,"-7, 8",0.8799,0.8799,2,"8, -7",0.0713,7,10,,N/A,0
463,E,0.598,0.598,4,D,0.402,5,10,,N/A,0
464,G,1.0,1.0,1,,0.0,10,10,,N/A,0
465,H,0.8544,0.8544,2,8/9,0.1456,9,10,,N/A,0
466,26.9,1.0,1.0,1,,0.0,10,10,,N/A,0
467,"0.02667w + 0.0333, A, A, 4.967",0.2384,0.2384,5,"0.02667w + 0.03333, 100 \leq w \leq 220, 0 \leq C \leq 6, 4.967",0.1741,2,10,,N/A,0
468,"0.6714, 0.8816",0.845,0.845,2,"0.669, 0.880",0.0598,6,10,,N/A,0
469,19.06,0.4362,0.4362,4,"3, 7, 3, 7, s^2, 0.1575A, 0.1575s^2, 81.00, 14.18, 19.06, C, 81.00, 14.18, 19.06",0.1711,4,10,,N/A,0
470,"1.960, 2.201, 2.326, 2.718, 2.576, 3.106",0.6479,0.6479,3,"2.576, 3.106",0.0823,4,10,,N/A,0
471,C,1.0,1.0,1,,0.0,7,7,,N/A,0
472,I,0.8544,0.8544,2,J,0.1456,9,10,,N/A,0
473,"[-7, -3]",1.0,1.0,1,,0.0,10,10,,N/A,0
474,C,0.7201,0.7201,3,E,0.1548,8,10,,N/A,0
475,0.3333,0.6365,0.6365,3,\frac{2}{3},0.201,2,4,,N/A,0
476,G,0.8544,0.8544,2,H,0.1456,9,10,,N/A,0
477,"A, C",0.8799,0.8799,2,"C, A",0.0713,7,10,,N/A,0
478,-0.3000,0.8544,0.8544,2,-\frac{3}{10},0.1456,9,10,,N/A,0
479,"40.36, 43.64, 40.01, 43.99",0.3564,0.3564,5,"40.01, 43.99",0.3255,3,10,,N/A,0
480,"2.500, 2.500",0.4577,0.4577,4,"2.5, 2.5",0.3222,2,10,,N/A,0
481,A,1.0,1.0,1,,0.0,10,10,,N/A,0
482,H,1.0,1.0,1,,0.0,10,10,,N/A,0
483,A,1.0,1.0,1,,0.0,8,8,,N/A,0
484,C,1.0,1.0,1,,0.0,10,10,,N/A,0
485,135,1.0,1.0,1,,0.0,10,10,,N/A,0
486,B,1.0,1.0,1,,0.0,10,10,,N/A,0
487,-0.9636,0.2877,0.2877,5,"-21.10, -0.9637",0.2225,2,10,,N/A,0
488,2025!,0.6365,0.6365,3,2051326,0.201,2,4,,N/A,0
489,385,0.7933,0.7933,3,\$385,0.2067,9,10,,N/A,0
490,"23.00, 410.0",0.6479,0.6479,3,"23, \text{BTU/sq ft}, 410",0.0823,4,10,,N/A,0
491,"1255.37, 1091.15, 1419.59, \text{No},",0.2702,0.2702,5,", 1255.37, 1091.16, 1419.57, No, Central Limit Theorem",0.2326,1,10,,N/A,0
492,"81\%, A",0.3194,0.3194,5,"81\%,",0.247,2,10,,N/A,0
493,"14.67, B, 0.06866, 0.1083",0.3136,0.3136,5,"14.67, B, 0.06867, 0.1083",0.2425,2,10,,N/A,0
494,"7.000, 0.06200",0.4486,0.4486,4,0.06200,0.2184,3,10,,N/A,0
495,B,0.4694,0.4694,4,"B, 100.0, 200.0, 0.2550, 5.991",0.244,7,10,,N/A,0
496,9.594,0.7141,0.7141,3,99.594,0.113,7,10,,N/A,0
497,"1.111, 88.81, 88.81, 0.9004",0.5287,0.5287,4,", 1.111, 88.81, 0.9004",0.1816,3,10,,N/A,0
498,15,0.5529,0.5529,4,B,0.4471,1,2,,N/A,0
499,"36.9, 0.3225, 32.25, 2.149",0.3305,0.3305,5,2.149,0.3224,2,10,,N/A,0
500,J,0.8544,0.8544,2,F,0.1456,9,10,,N/A,0
501,F,0.5631,0.5631,4,INVALID,0.2416,3,5,,N/A,0
502,\frac{8}{11},0.6491,0.6491,3,0.7273,0.3509,4,10,,N/A,0
503,"y = -43000x + 833000, 446000, 2019",0.6479,0.6479,3,"446000, 2019",0.0823,4,10,,N/A,0
504,"-\frac{3}{2}, -\frac{3\sqrt{3}}{2}",0.845,0.845,2,"-\frac{3}{2}, -\frac{3\sqrt3}{2}",0.0598,6,10,,N/A,0
505,2,0.8082,0.8082,2,"1, 3, 6, -5, -4, 2",0.1014,8,10,,N/A,0
506,E,0.7201,0.7201,3,A,0.1548,8,10,,N/A,0
507,I,0.7201,0.7201,3,C,0.1548,8,10,,N/A,0
508,\frac{n(n-1)}{2},0.6365,0.6365,3,\frac{n(n-1)}2,0.201,2,4,,N/A,0
509,H,1.0,1.0,1,,0.0,10,10,,N/A,0
510,1,0.6365,0.6365,3,\frac{3}{2},0.201,2,4,,N/A,0
511,I,0.8544,0.8544,2,J,0.1456,9,10,,N/A,0
512,64p^2 + 64p + 16,0.8494,0.8494,2,64p^2+64p+16,0.1506,8,10,,N/A,0
513,"-1.405, 1.405, 1.751",0.7835,0.7835,3,"-1.4051, 1.4051, 1.7507",0.07,5,10,,N/A,0
514,I,0.8544,0.8544,2,H,0.1456,9,10,,N/A,0
515,"-8, 1, 12, 19",1.0,1.0,1,,0.0,10,10,,N/A,0
516,"7, -11, 4, 0",0.8212,0.8212,2,"0, 4, -11, 7",0.0919,8,10,,N/A,0
517,E,0.8513,0.8513,2,F,0.1487,7,8,,N/A,0
518,E,0.3824,0.3824,5,C,0.3209,3,10,,N/A,0
519,98.30,0.5631,0.5631,4,"427.5813419821836, 5086.650065113366, 46.42814040782384",0.2416,3,5,,N/A,0
520,44.00,0.7933,0.7933,3,\$44,0.2067,9,10,,N/A,0
521,F,0.8544,0.8544,2,G,0.1456,9,10,,N/A,0
522,"-0.472, 0.472",0.7775,0.7775,3,"x \approx -0.472, 0.472",0.123,7,9,,N/A,0
523,2097150,0.6365,0.6365,3,762,0.201,2,4,,N/A,0
524,E,0.8544,0.8544,2,G,0.1456,9,10,,N/A,0
525,H,0.709,0.709,3,INVALID,0.115,5,8,,N/A,0
526,y = 128x^4 + 16x^2 + 4,0.7201,0.7201,3,y = 128x^{4} + 16x^{2} + 4,0.1548,8,10,,N/A,0
527,285.7,0.4694,0.4694,4,"8, 700, x, 25000, 285.7",0.244,7,10,,N/A,0
528,"43186, 2069",0.2646,0.2646,5,2069,0.2401,1,10,,N/A,0
529,21.45,0.7933,0.7933,3,42921,0.2067,9,10,,N/A,0
530,"\frac{8}{9}, \frac{7}{9}, 5",0.5725,0.5725,4,"8/9, 7/9, 5",0.2632,3,10,,N/A,0
531,"C, D, F, H",0.8805,0.8805,2,H,0.1195,9,10,,N/A,0
532,I,0.7201,0.7201,3,A,0.1548,8,10,,N/A,0
533,0.0564,0.3678,0.3678,5,0.0563,0.2217,2,10,,N/A,0
534,G,0.8544,0.8544,2,I,0.1456,9,10,,N/A,0
535,"-6, -4",0.7141,0.7141,3,answer,0.113,7,10,,N/A,0
536,E,0.8544,0.8544,2,I,0.1456,9,10,,N/A,0
537,42,0.7933,0.7933,3,43,0.2067,9,10,,N/A,0
538,E,0.7201,0.7201,3,A,0.1548,8,10,,N/A,0
539,"4, 5",0.8016,0.8016,2,"7, 8",0.0868,6,10,,N/A,0
540,"A, C, C",0.2877,0.2877,5,"A, B, C",0.2225,2,10,,N/A,0
541,5,1.0,1.0,1,,0.0,10,10,,N/A,0
542,"285.0, 7457, 86.35, A",0.3194,0.3194,5,"285, 7457, 86.35, A",0.247,2,10,,N/A,0
543,"\$1.43, \$0.54",0.5874,0.5874,4,"1.43, 0.54",0.1249,5,10,,N/A,0
544,A,1.0,1.0,1,,0.0,9,9,,N/A,0
545,400000,1.0,1.0,1,,0.0,10,10,,N/A,0
546,"92, 126, 146, 72, 172",0.8799,0.8799,2,"172, 72, 146, 126, 92",0.0713,7,10,,N/A,0
547,H,0.8544,0.8544,2,I,0.1456,9,10,,N/A,0
548,120.00,0.4694,0.4694,4,"1.20x = 144.00, 120.00",0.244,7,10,,N/A,0
549,J,0.7201,0.7201,3,B,0.1548,8,10,,N/A,0
550,J,0.7201,0.7201,3,\text{None of the listed options; } \iiint_E z dV=\frac{109}{450},0.1548,8,10,,N/A,0
551,\sqrt{28},0.7933,0.7933,3,2\sqrt7,0.2067,9,10,,N/A,0
552,"33150, 36300",0.6365,0.6365,3,"36332.24, 33119.50",0.201,2,4,,N/A,0
553,"24.00, 1.600",0.7835,0.7835,3,"24, \frac{8}{5}",0.07,5,10,,N/A,0
554,A,0.7201,0.7201,3,D,0.1548,8,10,,N/A,0
555,"1.109, 0.1336",0.229,0.229,5,0.1336,0.2277,1,10,,N/A,0
556,"C, D",0.8034,0.8034,2,C,0.1049,7,10,,N/A,0
557,5.000,0.7933,0.7933,3,6,0.2067,9,10,,N/A,0
558,6.5x - 25,0.8494,0.8494,2,f(x) = 6.5x - 25,0.1506,8,10,,N/A,0
559,-280,1.0,1.0,1,,0.0,10,10,,N/A,0
560,"C, A, A",0.8799,0.8799,2,"A, A, C",0.0713,7,10,,N/A,0
561,E,0.8519,0.8519,2,A,0.1481,8,9,,N/A,0
562,H,0.5631,0.5631,4,D,0.2416,3,5,,N/A,0
563,20.00,0.7201,0.7201,3,21,0.1548,8,10,,N/A,0
564,D,1.0,1.0,1,,0.0,10,10,,N/A,0
565,"-7.006, -7.06, -7.6",0.8799,0.8799,2,"-7.6, -7.06, -7.006",0.0713,7,10,,N/A,0
566,3,1.0,1.0,1,,0.0,10,10,,N/A,0
567,"A, A",0.9336,0.9336,1,A,0.0664,8,10,,N/A,0
568,"-10, 3",0.8799,0.8799,2,"3, -10",0.0713,7,10,,N/A,0
569,B,1.0,1.0,1,,0.0,10,10,,N/A,0
570,J,0.8034,0.8034,2,E,0.1049,7,10,,N/A,0
571,E,0.6365,0.6365,3,B,0.201,2,4,,N/A,0
572,"8, -6, 6, 8",0.8799,0.8799,2,"8, 6, -6, 8",0.0713,7,10,,N/A,0
573,\frac{17}{72},1.0,1.0,1,,0.0,10,10,,N/A,0
574,E,0.4813,0.4813,4,C,0.3172,5,10,,N/A,0
575,G,0.8544,0.8544,2,H,0.1456,9,10,,N/A,0
576,"2.500, 0.5000",0.7835,0.7835,3,53,0.07,5,10,,N/A,0
577,F,0.8544,0.8544,2,I,0.1456,9,10,,N/A,0
578,95.44,0.5545,0.5545,4,"7.624, 8.996, 95.44",0.2941,7,10,,N/A,0
579,C,1.0,1.0,1,,0.0,10,10,,N/A,0
580,D,1.0,1.0,1,,0.0,10,10,,N/A,0
581,F,0.8544,0.8544,2,G,0.1456,9,10,,N/A,0
582,1035,1.0,1.0,1,,0.0,10,10,,N/A,0
583,1,0.6365,0.6365,3,118,0.201,2,4,,N/A,0
584,"7.000, 6.000",0.33,0.33,5,6.000,0.3141,2,10,,N/A,0
585,"-0.2235, 2.262, -2.262",0.6479,0.6479,3,"-0.2236, 2.262, -2.262",0.0823,4,10,,N/A,0
586,"1.899, -0.9423, 0.1109, -0.02966",0.4973,0.4973,4,"1.0123, -0.5011, -0.0446, 0.0016",0.278,1,3,,N/A,0
587,A,0.4694,0.4694,4,"B, C, D, E, F, J, C, A, B, C, A",0.244,7,10,,N/A,0
588,E,0.8544,0.8544,2,H,0.1456,9,10,,N/A,0
589,D,0.6365,0.6365,3,INVALID,0.201,2,4,,N/A,0
590,D,1.0,1.0,1,,0.0,10,10,,N/A,0
591,"3.162, -0.3218, 4.123, 1.326",0.7111,0.7111,3,"2\cos(1), 2\sin(1), 2\sin(2), 2\cos(2), \sqrt{10}, -\arctan(1/3), \sqrt{17}, \arctan(4)",0.0877,6,10,,N/A,0
592,I,0.8544,0.8544,2,\frac{1}{8b},0.1456,9,10,,N/A,0
593,19.44,0.4646,0.4646,4,19.43,0.2745,3,9,,N/A,0
594,F,0.8544,0.8544,2,G,0.1456,9,10,,N/A,0
595,"A, D, E, G, \text{product}$",0.3766,0.3766,5,INVALID,0.2446,1,6,,N/A,0
596,G,0.8544,0.8544,2,A,0.1456,9,10,,N/A,0
597,B,1.0,1.0,1,,0.0,7,7,,N/A,0
598,G,0.7517,0.7517,3,F,0.1442,8,10,,N/A,0
599,1.812,0.7201,0.7201,3,1.8123,0.1548,8,10,,N/A,0
600,I,1.0,1.0,1,,0.0,10,10,,N/A,0
601,(3s - 1)(2s + 1),0.6238,0.6238,3,"3s - 1, 2s + 1",0.1404,5,10,,N/A,0
602,"-70.78, 0.7188, 53.57",0.7049,0.7049,3,"-70.8, 0.719, 53.6",0.0891,4,10,,N/A,0
603,"C, A, B",0.8799,0.8799,2,"B, A, C",0.0713,7,10,,N/A,0
604,J,0.8544,0.8544,2,"(-7, 0, 19)",0.1456,9,10,,N/A,0
605,45.60,0.7933,0.7933,3,46,0.2067,9,10,,N/A,0
606,E,0.7933,0.7933,3,A,0.2067,2,4,,N/A,0
607,"(0, 0, 4), (0, 0, 14), (6, 6, 20), (-6, -6, 0), (-4, -4, 10), (-4, -4, -12)",0.4952,0.4952,4,"(-4, -4, -12)",0.2696,5,10,,N/A,0
608,"B, A, A, 1981",0.7835,0.7835,3,"NO, YES, A, 1967",0.07,5,10,,N/A,0
609,276.6,0.7933,0.7933,3,30\sqrt{85} \approx 276.6,0.2067,9,10,,N/A,0
610,12.57,0.7201,0.7201,3,\frac{8\pi}{3}+2\sqrt3,0.1548,8,10,,N/A,0
611,1.356,0.8544,0.8544,2,1.36,0.1456,9,10,,N/A,0
612,"68, 81",0.8799,0.8799,2,"81, 68",0.0713,7,10,,N/A,0
613,I,0.8544,0.8544,2,H,0.1456,9,10,,N/A,0
614,I,0.7732,0.7732,3,D,0.1254,5,7,,N/A,0
615,"14, 9",0.8799,0.8799,2,"9, 14",0.0713,7,10,,N/A,0
616,J,0.8544,0.8544,2,y= C_1 sin x + C_2 cos x - \frac{sin 2x}{3},0.1456,9,10,,N/A,0
617,"\text{left}, 7, \text{up}, 6",0.706,0.706,3,"7, 6",0.0892,4,8,,N/A,0
618,A,1.0,1.0,1,,0.0,10,10,,N/A,0
619,"-3.222, 0.001254, A",0.2685,0.2685,5,"-3.226, 0.001230, A",0.1961,2,10,,N/A,0
620,"1.512, 2.286, 1.690, B",0.3751,0.3751,5,B,0.2872,2,8,,N/A,0
621,153 - k,0.8494,0.8494,2,153-k,0.1506,8,10,,N/A,0
622,"3.854, 2.567,",0.353,0.353,5,"3.854, 2.567, Yes",0.2798,2,10,,N/A,0
623,"1, 0, 0, 0, 1, 1",0.7366,0.7366,3,"T, F, F, F, T, T",0.0658,5,10,,N/A,0
624,F,0.8544,0.8544,2,32,0.1456,9,10,,N/A,0
625,5(x + 2)(x + 3),0.8494,0.8494,2,5(x+2)(x+3),0.1506,8,10,,N/A,0
626,G,0.8544,0.8544,2,"1, 2, 2",0.1456,9,10,,N/A,0
627,1090,0.7141,0.7141,3,\frac{163\sqrt{163}\pi}{6},0.113,7,10,,N/A,0
628,"76, 75.7, 75.67, 75.673",0.8799,0.8799,2,"75.673, 75.67, 75.7, 76",0.0713,7,10,,N/A,0
629,515,0.6365,0.6365,3,17247,0.201,2,4,,N/A,0
630,"71.981, 564.365",0.8799,0.8799,2,"564.365, 71.981",0.0713,7,10,,N/A,0
631,A,1.0,1.0,1,,0.0,10,10,,N/A,0
632,23,1.0,1.0,1,,0.0,10,10,,N/A,0
633,8.000,0.4694,0.4694,4,"B, D, 8.000",0.244,7,10,,N/A,0
634,109,1.0,1.0,1,,0.0,10,10,,N/A,0
635,"37.60, 0.7460, -25.40",0.6975,0.6975,3,"37.6, 0.746, -25.4",0.1009,4,10,,N/A,0
636,500050,0.6365,0.6365,3,990100,0.201,2,4,,N/A,0
637,"A, B, F, C, D, E",0.8799,0.8799,2,"E, D, C, F, B, A",0.0713,7,10,,N/A,0
638,"0.1510, (-infty, -1.751)U(1.751, infty), 0.8800, D",0.2814,0.2814,5,D,0.2635,2,9,,N/A,0
639,3.325,1.0,1.0,1,,0.0,10,10,,N/A,0
640,G,0.8544,0.8544,2,0,0.1456,9,10,,N/A,0
641,"6.4, 46.08",0.6479,0.6479,3,6.4,0.0823,4,10,,N/A,0
642,"6.000, 1.047, 13.00",0.5287,0.5287,4,"6, \frac{\pi, 13}$",0.1816,3,10,,N/A,0
643,"1, 0, 0, 1, 0",0.7366,0.7366,3,"F, F, F, T, F",0.0658,5,10,,N/A,0
644,A,0.6365,0.6365,3,B,0.201,2,4,,N/A,0
645,129n - 11500,0.8494,0.8494,2,P=129n-11500,0.1506,8,10,,N/A,0
646,J,0.6365,0.6365,3,B,0.201,2,4,,N/A,0
647,B,0.4152,0.4152,4,F,0.3111,3,10,,N/A,0
648,"11.51 + 0.83x, 30.60",0.8414,0.8414,2,"W=11.51+0.83x, 30.60",0.062,5,10,,N/A,0
649,300,0.7998,0.7998,3,G,0.2002,3,4,,N/A,0
650,J,1.0,1.0,1,,0.0,10,10,,N/A,0
651,"73.00, 114.5",0.7835,0.7835,3,"73, 114.49",0.07,5,10,,N/A,0
652,163,0.5529,0.5529,4,H,0.4471,1,2,,N/A,0
653,"\frac{600 - 45t}{7}, 85.71, 47.14",0.3455,0.3455,5,"85.71, 47.14, \frac{600 - 45t} $$",0.187,2,8,,N/A,0
654,"\sqrt{19}, 2, 2, 2",0.8799,0.8799,2,"2, 2, 2, \sqrt{19}",0.0713,7,10,,N/A,0
655,0.85L,0.7929,0.7929,3,1,0.1286,5,10,,N/A,0
656,6x^2 - 23x + 15,0.7201,0.7201,3,6x^{2}-23x+15,0.1548,8,10,,N/A,0
657,"-10.33, 10.33",0.5333,0.5333,4,10.33,0.158,5,10,,N/A,0
658,A,1.0,1.0,1,,0.0,10,10,,N/A,0
659,29.94,0.7201,0.7201,3,29.91,0.1548,8,10,,N/A,0
660,E,0.8845,0.8845,2,C,0.1155,7,9,,N/A,0
661,"r = 4 + \frac{h}{1000}, w = \frac{2880000000}{(h + 4000)^2}",0.2877,0.2877,5,"r = \frac{h + 4000}{1000}, \frac{2880000000}{(h + 4000)^2}",0.2225,2,10,,N/A,0
662,23,1.0,1.0,1,,0.0,10,10,,N/A,0
663,F,0.8544,0.8544,2,A,0.1456,9,10,,N/A,0
664,"\frac{83}{100}, \frac{83}{99}",0.755,0.755,3,\frac{83} $$,0.1938,6,10,,N/A,0
665,B,0.8544,0.8544,2,J,0.1456,9,10,,N/A,0
666,"76e^{0.4268t}, 42.68",0.2646,0.2646,5,42.68,0.2401,1,10,,N/A,0
667,H,1.0,1.0,1,,0.0,10,10,,N/A,0
668,G,0.8861,0.8861,2,H,0.1139,6,7,,N/A,0
669,H,0.8544,0.8544,2,J,0.1456,9,10,,N/A,0
670,A,0.7201,0.7201,3,INVALID,0.1548,8,10,,N/A,0
671,"1.710, 113.2",0.7835,0.7835,3,2,0.07,5,10,,N/A,0
672,D,0.8544,0.8544,2,-36/5,0.1456,9,10,,N/A,0
673,3497040,0.6365,0.6365,3,437400,0.201,2,4,,N/A,0
674,8x + 7,0.9123,0.9123,1,8x+7,0.0877,7,10,,N/A,0
675,J,0.7201,0.7201,3,INVALID,0.1548,8,10,,N/A,0
676,A,0.4359,0.4359,4,"D, A",0.3208,6,10,,N/A,0
677,F,0.8544,0.8544,2,J,0.1456,9,10,,N/A,0
678,13960,1.0,1.0,1,,0.0,10,10,,N/A,0
679,11.00,0.7201,0.7201,3,answer,0.1548,8,10,,N/A,0
680,"0.035, 0.0525, 0.0775,",0.35,0.35,5,"0.035, 0.053, 0.078, A",0.2707,2,10,,N/A,0
681,"28900, 170, 135, 205",0.6479,0.6479,3,"135, 205",0.0823,4,10,,N/A,0
682,G,0.6365,0.6365,3,INVALID,0.201,2,4,,N/A,0
683,-0.65,1.0,1.0,1,,0.0,10,10,,N/A,0
684,-1.555,0.7201,0.7201,3,answer,0.1548,8,10,,N/A,0
685,"C, D",0.8082,0.8082,2,C and D,0.1014,8,10,,N/A,0
686,D,1.0,1.0,1,,0.0,10,10,,N/A,0
687,24500,0.7933,0.7933,3,"\$24{, }500",0.2067,9,10,,N/A,0
688,6075,0.6365,0.6365,3,2051325,0.201,2,4,,N/A,0
689,"45, 43",0.8799,0.8799,2,"43, 45",0.0713,7,10,,N/A,0
690,G,0.7201,0.7201,3,E,0.1548,8,10,,N/A,0
691,"(19.67, 26.99)",0.7201,0.7201,3,"(19.67, 27.00)",0.1548,8,10,,N/A,0
692,1.24,1.0,1.0,1,,0.0,10,10,,N/A,0
693,"30.00, 7.500, 5.500",0.7413,0.7413,3,"30, y=7.5, 5.5",0.1053,4,10,,N/A,0
694,"6750 + 9x, 36x, 27x - 6750, 250.0",0.4696,0.4696,4,"6750 + 9x, 36x, 27x - 6750, 250",0.1823,3,10,,N/A,0
695,B,0.6173,0.6173,3,E,0.1367,6,10,,N/A,0
696,"-8, -81",0.7835,0.7835,3,"x+8, -8, -81",0.07,5,10,,N/A,0
697,60,1.0,1.0,1,,0.0,10,10,,N/A,0
698,-50.92,1.0,1.0,1,,0.0,10,10,,N/A,0
699,"6, 3",0.8799,0.8799,2,"3, 6",0.0713,7,10,,N/A,0
700,A,0.6365,0.6365,3,INVALID,0.201,2,4,,N/A,0
701,21.94,0.5861,0.5861,4,22,0.4139,3,10,,N/A,0
702,-u^4 - 4u^3 + 3u^2 - 6u - 8,0.7201,0.7201,3,-u^{4}-4u^{3}+3u^{2}-6u-8,0.1548,8,10,,N/A,0
703,B,0.7151,0.7151,3,E,0.1576,6,8,,N/A,0
704,"3.653, 1.645, B",0.6383,0.6383,3,"3.652, 1.645, B",0.112,4,10,,N/A,0
705,"1, 0, 0, 1",0.596,0.596,4,"True, False, False, True",0.2136,3,10,,N/A,0
706,2047.22,0.7201,0.7201,3,2034.29,0.1548,8,10,,N/A,0
707,"5200, 2600",0.8799,0.8799,2,"2600, 5200",0.0713,7,10,,N/A,0
708,"-4.500, 4.500, -20.25",0.3386,0.3386,5,-20.25,0.3144,4,10,,N/A,0
709,E,1.0,1.0,1,,0.0,10,10,,N/A,0
710,"1.838, 4.729",0.7141,0.7141,3,"2\pi-\arccos\!\left(\frac18\right)-3, 2\pi+\arccos\!\left(\frac18\right)-3",0.113,7,10,,N/A,0
711,D,0.8494,0.8494,2,A,0.1506,8,10,,N/A,0
712,"D, D, A",0.3616,0.3616,5,"D, A",0.2666,3,10,,N/A,0
713,"-3,",0.8328,0.8328,2,"-3, not real",0.0589,6,9,,N/A,0
714,84.00,0.8494,0.8494,2,A,0.1506,8,10,,N/A,0
715,8.500,0.399,0.399,5,"3, 7, 5, 7, 9, 13, 8.500, 6, 7, 8, 9, 10, 11",0.2126,5,10,,N/A,0
716,0.5758,0.7201,0.7201,3,answer,0.1548,8,10,,N/A,0
717,7992,1.0,1.0,1,,0.0,10,10,,N/A,0
718,"65761800, 72704000, median",0.7835,0.7835,3,"66206244.\overline{4}, 72704000, median",0.07,5,10,,N/A,0
719,E,1.0,1.0,1,,0.0,10,10,,N/A,0
720,I,0.7201,0.7201,3,INVALID,0.1548,8,10,,N/A,0
721,A,0.4694,0.4694,4,"D, A",0.244,7,10,,N/A,0
722,2051325,0.6365,0.6365,3,2079444975,0.201,2,4,,N/A,0
723,"-\frac{\sqrt{3}}{2}, -\frac{\sqrt{2}}{2}",0.6668,0.6668,3,", -\frac{\sqrt{3} $$",0.1412,5,10,,N/A,0
724,\frac{3\sqrt{3}}{2},0.5529,0.5529,4,D,0.4471,1,2,,N/A,0
725,"41.30, 13.28,",0.6383,0.6383,3,"41.30, 13.28, A",0.112,4,10,,N/A,0
726,"7, 48",0.8799,0.8799,2,"48, 7",0.0713,7,10,,N/A,0
727,A,0.6578,0.6578,3,INVALID,0.3422,4,5,,N/A,0
728,80000,1.0,1.0,1,,0.0,10,10,,N/A,0
729,G,1.0,1.0,1,,0.0,10,10,,N/A,0
730,I,0.8544,0.8544,2,F,0.1456,9,10,,N/A,0
731,J,1.0,1.0,1,,0.0,10,10,,N/A,0
732,H,1.0,1.0,1,,0.0,10,10,,N/A,0
733,"68, 247, 97, 17",0.8799,0.8799,2,"17, 97, 247, 68",0.0713,7,10,,N/A,0
734,"4830, 4.830",0.845,0.845,2,"4830, 4.83",0.0598,6,10,,N/A,0
735,"28.00, 42.50, 55.00, -29.00, 82.00, 27.00, A",0.8414,0.8414,2,"28, 42.5, 55, -29, 82, 27, A",0.062,5,10,,N/A,0
736,\frac{\sqrt{30}}{2},0.7201,0.7201,3,303,0.1548,8,10,,N/A,0
737,2140,0.7933,0.7933,3,\$2140,0.2067,9,10,,N/A,0
738,"A, C, A, A",0.8799,0.8799,2,"A, A, C, A",0.0713,7,10,,N/A,0
739,\frac{Q}{1 - Z},0.7201,0.7201,3,U = \frac{Q}{1-Z},0.1548,8,10,,N/A,0
740,\frac{5184}{81 \cos^2 t - 64 \sin^2 t},0.7201,0.7201,3,\frac{5184}{81\cos^2(t)-64\sin^2(t)},0.1548,8,10,,N/A,0
741,H,0.8082,0.8082,2,I,0.1014,8,10,,N/A,0
742,241.0,1.0,1.0,1,,0.0,10,10,,N/A,0
743,430,1.0,1.0,1,,0.0,10,10,,N/A,0
744,"26.875, 32.1875",0.8176,0.8176,2,"32.1875, 26.875",0.0938,6,8,,N/A,0
745,"2 \sin C \cos C, \cos A \cos B - \sin A \sin B, \frac{2 \tan C}{1 - \tan^2 C}, \sin A \cos B - \cos A \sin B, \sin A \cos B + \cos A \sin B, \cos A \cos B + \sin A \sin B, \frac{1 - \cos x}{\sin x}, \cos^2 C - \sin^2 C",0.6383,0.6383,3,"2 \sin C \cos C, \cos A \cos B - \sin A \sin B, \frac{2 \tan C}{1 - \tan^2 C}, \sin A \cos B - \cos A \sin B, \sin A \cos B + \cos A \sin B, \cos A \cos B + \sin A \sin B, \frac{1 - \cos x}{\sin x}, 2 \cos^2 C - 1",0.112,4,10,,N/A,0
746,"17417, 30856, 808694, 103863, 876259, 924095, 21108",0.8799,0.8799,2,"21108, 924095, 876259, 103863, 808694, 30856, 17417",0.0713,7,10,,N/A,0
747,A,0.8544,0.8544,2,93,0.1456,9,10,,N/A,0
748,"20.79, 3, 11.34, B",0.3305,0.3305,5,B,0.3224,2,10,,N/A,0
749,"9 + 5n, (-1)^{n+1}(5n + 9)",0.3554,0.3554,5,"5n + 9, (-1)^{n+1}(5n + 9)",0.2749,2,8,,N/A,0
750,"C, E",0.6988,0.6988,3,"36.98, \ln(0.95)\approx -0.0513, C{, }E",0.1171,7,10,,N/A,0
751,31,0.6365,0.6365,3,45,0.201,2,4,,N/A,0
752,D,0.8805,0.8805,2,B,0.1195,9,10,,N/A,0
753,16.56,0.4694,0.4694,4,"A, 0.2460, 16.56",0.244,7,10,,N/A,0
754,60x^2 + 65x,0.7201,0.7201,3,60x^{2}+65x,0.1548,8,10,,N/A,0
755,F,0.8544,0.8544,2,G,0.1456,9,10,,N/A,0
756,"109.3, 520.2",0.7366,0.7366,3,"109.27 \text{ feet}, 520.16",0.0658,5,10,,N/A,0
757,C,0.7933,0.7933,3,C. Kevin only,0.2067,9,10,,N/A,0
758,C,1.0,1.0,1,,0.0,10,10,,N/A,0
759,C,1.0,1.0,1,,0.0,10,10,,N/A,0
760,I,0.7201,0.7201,3,D,0.1548,8,10,,N/A,0
761,5f(n-1) + 4,0.7201,0.7201,3,f(n)=5f(n-1)+4,0.1548,8,10,,N/A,0
762,110x^2 + 42x,0.7201,0.7201,3,2x(55x+21),0.1548,8,10,,N/A,0
763,"13.00, 2.667",0.7366,0.7366,3,"4+9, \frac{8}{3}",0.0658,5,10,,N/A,0
764,\frac{(a + b)(a - b)^4}{c^5},0.8494,0.8494,2,\frac{(a+b)(a-b)^4}{c^5},0.1506,8,10,,N/A,0
765,A,0.8544,0.8544,2,10,0.1456,9,10,,N/A,0
766,"4.3750, 7.3333, 11.4286",0.743,0.743,3,"4.3750, 7.3333\ldots, 11.428571\ldots",0.0804,6,10,,N/A,0
767,D,0.8544,0.8544,2,H,0.1456,9,10,,N/A,0
768,G,0.8082,0.8082,2,H,0.1014,8,10,,N/A,0
769,1620,1.0,1.0,1,,0.0,10,10,,N/A,0
770,"3.000, 4.000, 1.000, 3.000, 2.000, 1.000, 2.000, 2.000, 0.5000, 2.000",0.7835,0.7835,3,"3, 4, 1, 3, 2, 1, 2, 2, \frac12, 2",0.07,5,10,,N/A,0
771,2,1.0,1.0,1,,0.0,10,10,,N/A,0
772,J,0.3841,0.3841,5,A,0.3145,3,10,,N/A,0
773,\frac{3a - 14}{3},0.3912,0.3912,5,a - \frac{14}{3},0.3126,5,10,,N/A,0
774,"24, 28, 33, 39, 42",0.8799,0.8799,2,"42, 39, 33, 28, 24",0.0713,7,10,,N/A,0
775,6\sin(x - 7) - 6,0.6356,0.6356,3,6\sin(x - 7) - 36,0.1036,5,10,,N/A,0
776,17 \frac{1}{2},0.7201,0.7201,3,17\frac{1}{2},0.1548,8,10,,N/A,0
777,8,1.0,1.0,1,,0.0,10,10,,N/A,0
778,I,0.8544,0.8544,2,H,0.1456,9,10,,N/A,0
779,F,0.7201,0.7201,3,A,0.1548,8,10,,N/A,0
780,3t^{14} + 6t^{12} + 9t^{10},0.8494,0.8494,2,3t^{14}+6t^{12}+9t^{10},0.1506,8,10,,N/A,0
781,\frac{\sqrt{15}}{8},0.8082,0.8082,2,sqrt(15)/8,0.1014,8,10,,N/A,0
782,-1517,1.0,1.0,1,,0.0,10,10,,N/A,0
783,H,1.0,1.0,1,,0.0,10,10,,N/A,0
784,0.2833,0.7201,0.7201,3,1761,0.1548,8,10,,N/A,0
785,"F, T, F, F",0.6476,0.6476,3,"0.000, 1.000, 0.000, 0.000",0.1113,5,10,,N/A,0
786,C,1.0,1.0,1,,0.0,4,4,,N/A,0
787,47.00,0.2408,0.2408,5,"148100000, 158, 189.7",0.2335,1,6,,N/A,0
788,A,0.8513,0.8513,2,J,0.1487,7,8,,N/A,0
789,"8, 8, -8, -8",0.6329,0.6329,3,"8, -8",0.2584,5,10,,N/A,0
790,-20x^2 + 45x - 25,0.7201,0.7201,3,INVALID,0.1548,8,10,,N/A,0
791,F,1.0,1.0,1,,0.0,10,10,,N/A,0
792,\frac{\ln\left(\frac{V}{T}\right)}{\ln\left(\frac{h}{g}\right)},0.3305,0.3305,5,\frac{ \ln\left( \frac{V}{T} \right) }{ \ln\left( \frac{h}{g} \right) },0.2706,3,10,,N/A,0
793,D,0.3064,0.3064,5,"(1.476, inf), 0.0882, D, (1.476, \text{inf}$",0.2255,6,10,,N/A,0
794,"4.47, 4.00",0.4144,0.4144,4,"4.47, 4",0.3122,3,10,,N/A,0
795,"450, 2, 6",0.8203,0.8203,2,6,0.1797,5,10,,N/A,0
796,F,0.8544,0.8544,2,G,0.1456,9,10,,N/A,0
797,C,1.0,1.0,1,,0.0,8,8,,N/A,0
798,"3924, EXTRANEOUS",0.3547,0.3547,5,"3924,",0.2743,2,10,,N/A,0
799,8100,0.5529,0.5529,4,B,0.4471,1,2,,N/A,0
800,140,1.0,1.0,1,,0.0,10,10,,N/A,0
801,E,0.7966,0.7966,3,H,0.2034,2,3,,N/A,0
802,\frac{26}{7},1.0,1.0,1,,0.0,10,10,,N/A,0
803,124,0.7917,0.7917,3,55,0.2083,8,10,,N/A,0
804,F,1.0,1.0,1,,0.0,10,10,,N/A,0
805,G,0.7034,0.7034,3,B,0.1146,5,10,,N/A,0
806,"-0.6551, -0.7556, 0.8670, 1.153, -1.324, -1.527",0.4504,0.4504,4,"-0.6551, -0.7556, 0.8670, 1.153, -1.324, -1.526",0.2461,3,10,,N/A,0
807,E,1.0,1.0,1,,0.0,10,10,,N/A,0
808,D,0.7201,0.7201,3,B,0.1548,8,10,,N/A,0
809,1130,0.5529,0.5529,4,C,0.4471,1,2,,N/A,0
810,F,0.8841,0.8841,2,E,0.1159,5,6,,N/A,0
811,1.336 \times 10^{-19},0.7517,0.7517,3,1.34\times10^{-19},0.1442,8,10,,N/A,0
812,\frac{512}{\sin^6(2t)},0.4154,0.4154,4,\frac{512}{\sin^6 2t},0.2504,2,10,,N/A,0
813,"A, C",0.8158,0.8158,2,"C, A",0.0936,6,10,,N/A,0
814,"5, 4.726, 0.9451, 1.224, 30, 23.16, 0.7719, 35, 27.88, 0.7966",0.5558,0.5558,4,"5, 3.1636, 0.6327, 0.9293, 30, 20.4244, 0.6808, 35, 23.5881",0.1756,2,5,,N/A,0
815,H,0.8544,0.8544,2,G,0.1456,9,10,,N/A,0
816,"8.700, 10.53",0.7413,0.7413,3,"8.7, 10.5333\ldots",0.1053,4,10,,N/A,0
817,4.190,0.7201,0.7201,3,8822,0.1548,8,10,,N/A,0
818,\frac{5a + 6b}{ab},0.7201,0.7201,3,66,0.1548,8,10,,N/A,0
819,E,0.8544,0.8544,2,H,0.1456,9,10,,N/A,0
820,15,1.0,1.0,1,,0.0,10,10,,N/A,0
821,"C, A, A, A",0.8799,0.8799,2,"A, A, A, C",0.0713,7,10,,N/A,0
822,399.8,0.3824,0.3824,5,199.9,0.3209,3,10,,N/A,0
823,359,0.6365,0.6365,3,501,0.201,2,4,,N/A,0
824,C,1.0,1.0,1,,0.0,10,10,,N/A,0
825,D,0.7128,0.7128,3,"\text{A if }a>0, \text{D if }a<0",0.1571,6,10,,N/A,0
826,1800,1.0,1.0,1,,0.0,10,10,,N/A,0
827,H,0.8544,0.8544,2,"P(0.8351, 0.6974)",0.1456,9,10,,N/A,0
828,"99.63, 110.4",0.7835,0.7835,3,"99.63, \mu, 110.37",0.07,5,10,,N/A,0
829,8464,0.3305,0.3305,5,8418,0.2706,3,10,,N/A,0
830,9.215,0.7201,0.7201,3,9.22,0.1548,8,10,,N/A,0
831,E,0.8544,0.8544,2,C+\frac{1}{128}\cdot\left(2\cdot\left(\tan(4\cdot x)\right)^2+6\cdot\ln\left(\left|\tan(4\cdot x)\right|\right)+\frac{1}{4}\cdot\left(\tan(4\cdot x)\right)^4-\frac{2}{\left(\tan(4\cdot x)\right)^2}-\frac{1}{4\cdot\left(\tan(4\cdot x)\right)^4}\right) \],0.1456,9,10,,N/A,0
832,J,0.8544,0.8544,2,H,0.1456,9,10,,N/A,0
833,"-19/3, 3/4, 8, 40/3",0.5721,0.5721,4,"-19/3, 3/4, 48/6, 40/3",0.2975,2,10,,N/A,0
834,"0.7854, 4.712, -9.948",0.7049,0.7049,3,5,0.0891,4,10,,N/A,0
835,126,1.0,1.0,1,,0.0,10,10,,N/A,0
836,15,0.5529,0.5529,4,C,0.4471,1,2,,N/A,0
837,D,0.8544,0.8544,2,A,0.1456,9,10,,N/A,0
838,"(23.66, 28.34)",0.8805,0.8805,2,"23.66, 28.34",0.1195,9,10,,N/A,0
839,G,0.8544,0.8544,2,H,0.1456,9,10,,N/A,0
840,F,0.7998,0.7998,3,B,0.2002,3,4,,N/A,0
841,"\sin\left(40 + 8\sqrt{x}\right), 5 + \sqrt{\sin(8x)}",0.4554,0.4554,4,"\sin\left(40 + 8\sqrt{x, 5 + \sqrt{\sin(8x)} $$",0.1392,3,10,,N/A,0
842,"65.47, 1.552, 6.051, 1.833, B",0.3564,0.3564,5,"65.47, 1.552, 6.052, 1.833, B",0.3255,3,10,,N/A,0
843,"2y, 10",0.8414,0.8414,2,(2y)^{10},0.062,5,10,,N/A,0
844,J,0.785,0.785,3,E,0.215,7,10,,N/A,0
845,5,1.0,1.0,1,,0.0,10,10,,N/A,0
846,"3, 1, 2, 3, -2",0.8799,0.8799,2,"-2, 3, 2, 1, 3",0.0713,7,10,,N/A,0
847,H,1.0,1.0,1,,0.0,10,10,,N/A,0
848,E,1.0,1.0,1,,0.0,10,10,,N/A,0
849,4(n + 1),0.8494,0.8494,2,4(n+1),0.1506,8,10,,N/A,0
850,C,0.8544,0.8544,2,B,0.1456,9,10,,N/A,0
851,"B, C",0.8805,0.8805,2,C,0.1195,9,10,,N/A,0
852,414.72,1.0,1.0,1,,0.0,10,10,,N/A,0
853,C,0.8544,0.8544,2,I \approx9. 6 8 8 4,0.1456,9,10,,N/A,0
854,"-5.875, -\frac{47}{6}",0.4261,0.4261,4,"-5.875, -\frac{47} $$",0.2072,2,10,,N/A,0
855,"20000, 2000",0.8799,0.8799,2,"2000, 20000",0.0713,7,10,,N/A,0
856,D,0.7998,0.7998,3,A,0.2002,3,4,,N/A,0
857,"A, 0.8974, 0.9146, A, 0.9015, 0.9221",0.2039,0.2039,5,"0.9015, 0.9221",0.1978,1,10,,N/A,0
858,"2.300, 1.691, Yes",0.3194,0.3194,5,"2.300, 1.694,",0.247,2,10,,N/A,0
859,"1, 2, 2, 4",0.6329,0.6329,3,"1, 2, 4",0.2584,5,10,,N/A,0
860,22,1.0,1.0,1,,0.0,10,10,,N/A,0
861,G,0.8544,0.8544,2,195,0.1456,9,10,,N/A,0
862,I,0.8544,0.8544,2,G,0.1456,9,10,,N/A,0
863,\frac{1}{t^{69}},1.0,1.0,1,,0.0,10,10,,N/A,0
864,"11.67, 25.00",0.7835,0.7835,3,"11.67, 25",0.07,5,10,,N/A,0
865,\frac{7}{x} - 8,1.0,1.0,1,,0.0,10,10,,N/A,0
866,H,0.8544,0.8544,2,J,0.1456,9,10,,N/A,0
867,E,0.8544,0.8544,2,\frac{1}{4},0.1456,9,10,,N/A,0
868,E,0.882,0.882,2,B,0.118,5,7,,N/A,0
869,"20.50, \frac{x + y + xy}{2}",0.7366,0.7366,3,"20.5, \frac{x+y+xy}{2}",0.0658,5,10,,N/A,0
870,D,1.0,1.0,1,,0.0,10,10,,N/A,0
871,G,0.8544,0.8544,2,J,0.1456,9,10,,N/A,0
872,"infinity, 0.0000",0.7835,0.7835,3,INVALID,0.07,5,10,,N/A,0
873,B,0.7933,0.7933,3,A,0.2067,9,10,,N/A,0
874,J,0.8513,0.8513,2,I,0.1487,7,8,,N/A,0
875,C,1.0,1.0,1,,0.0,10,10,,N/A,0
876,C,1.0,1.0,1,,0.0,10,10,,N/A,0
877,F,0.8544,0.8544,2,A,0.1456,9,10,,N/A,0
878,I,0.8494,0.8494,2,J,0.1506,8,10,,N/A,0
879,H,1.0,1.0,1,,0.0,10,10,,N/A,0
880,"0.9459, 2.917",0.7835,0.7835,3,3538,0.07,5,10,,N/A,0
881,D,1.0,1.0,1,,0.0,10,10,,N/A,0
882,"1200, 3600",0.8799,0.8799,2,"3600, 1200",0.0713,7,10,,N/A,0
883,656.1,0.7201,0.7201,3,657,0.1548,8,10,,N/A,0
884,(x - 59)^2 + 74,0.8494,0.8494,2,(x-59)^2+74,0.1506,8,10,,N/A,0
885,"18, 139.875, 18, B",0.6383,0.6383,3,"18.00, 139.875, 18.00, B",0.112,4,10,,N/A,0
886,"A, C",0.5433,0.5433,4,C,0.3144,5,10,,N/A,0
887,C,0.5668,0.5668,4,I,0.4332,3,9,,N/A,0
888,I,1.0,1.0,1,,0.0,10,10,,N/A,0
889,"5, 4y",0.5433,0.5433,4,4y,0.3144,5,10,,N/A,0
890,6,0.4359,0.4359,4,"A, C, 6",0.3208,6,10,,N/A,0
891,A,1.0,1.0,1,,0.0,10,10,,N/A,0
892,69.65,1.0,1.0,1,,0.0,10,10,,N/A,0
893,"A, C",0.8799,0.8799,2,"C, A",0.0713,7,10,,N/A,0
894,9,0.6365,0.6365,3,"0.027, 0.465, 2.013, -0.131, 0.231, -0.133, 0.228, 10",0.201,2,4,,N/A,0
895,70 \left( \frac{2}{7} \right)^{\frac{x - 10}{20}},0.7201,0.7201,3,70\left(\frac{2}{7}\right)^{\frac{x-10}{20}},0.1548,8,10,,N/A,0
896,"F, T, F, F, T, T, F, T",0.5947,0.5947,4,"0, 1, 0, 0, 1, 1, 0, 1",0.1043,4,10,,N/A,0
897,84.88,0.733,0.733,3,84.875,0.267,4,10,,N/A,0
898,48,1.0,1.0,1,,0.0,10,10,,N/A,0
899,D,0.8544,0.8544,2,J,0.1456,9,10,,N/A,0
900,"1200, 3600",0.8799,0.8799,2,"3600, 1200",0.0713,7,10,,N/A,0
901,J,0.4531,0.4531,4,D,0.1953,3,7,,N/A,0
902,"3, 2",0.811,0.811,2,"2, 3",0.0658,7,10,,N/A,0
903,"A, C",0.8158,0.8158,2,"C, A",0.0936,6,10,,N/A,0
904,D,0.8866,0.8866,2,C,0.1134,7,8,,N/A,0
905,"B, C",0.8799,0.8799,2,"C, B",0.0713,7,10,,N/A,0
906,"2, 5",0.8034,0.8034,2,"x=2, x=5",0.1049,7,10,,N/A,0
907,56,0.6365,0.6365,3,450,0.201,2,4,,N/A,0
908,"100 \cdot (0.83)^t, 39.390",0.2332,0.2332,5,"100 \cdot 0.83^t, 39.390",0.2007,1,10,,N/A,0
909,1520,1.0,1.0,1,,0.0,10,10,,N/A,0
910,"1134, 16",0.8799,0.8799,2,"16, 1134",0.0713,7,10,,N/A,0
911,A,1.0,1.0,1,,0.0,2,2,,N/A,0
912,6012,0.8886,0.8886,2,6000,0.1114,8,9,,N/A,0
913,G,1.0,1.0,1,,0.0,10,10,,N/A,0
914,"0.1901, 0.2474",0.8414,0.8414,2,"0.190, 0.247",0.062,5,10,,N/A,0
915,-2.000,0.7933,0.7933,3,-1,0.2067,9,10,,N/A,0
916,"4.243, 8.485, 18.00",0.8414,0.8414,2,"3\sqrt{2}, 6\sqrt{2}, 18",0.062,5,10,,N/A,0
917,43,0.5661,0.5661,4,"189.8, 246.4, 43",0.2427,7,10,,N/A,0
918,C,0.7201,0.7201,3,E,0.1548,8,10,,N/A,0
919,0.1756,0.6365,0.6365,3,\frac{317}{3528},0.201,2,4,,N/A,0
920,178,1.0,1.0,1,,0.0,8,8,,N/A,0
921,D,1.0,1.0,1,,0.0,10,10,,N/A,0
922,B,1.0,1.0,1,,0.0,10,10,,N/A,0
923,"y = -6.2x + 297.6, 93.00, 48.00",0.567,0.567,4,"93.00, 48.00",0.1555,4,10,,N/A,0
924,2010,0.6687,0.6687,3,"55 + 0.2t, 2010",0.2078,6,9,,N/A,0
925,276,0.7151,0.7151,3,266,0.1576,6,8,,N/A,0
926,-3t^2 - 6t + 2,0.7201,0.7201,3,2-6t-3t^2,0.1548,8,10,,N/A,0
927,"0, 1, 1, 1, 0, 0",0.7366,0.7366,3,INVALID,0.0658,5,10,,N/A,0
928,E,0.8544,0.8544,2,F,0.1456,9,10,,N/A,0
929,A,0.5659,0.5659,4,"5.860, -0.78, 3.18, A",0.2166,6,10,,N/A,0
930,E,1.0,1.0,1,,0.0,7,7,,N/A,0
931,"3, -3",0.811,0.811,2,"-3, 3",0.0658,7,10,,N/A,0
932,26,1.0,1.0,1,,0.0,10,10,,N/A,0
933,E,0.8544,0.8544,2,01101,0.1456,9,10,,N/A,0
934,J,0.7201,0.7201,3,G,0.1548,8,10,,N/A,0
935,H,0.7231,0.7231,3,INVALID,0.2769,3,4,,N/A,0
936,17.1875,0.7933,0.7933,3,27517,0.2067,9,10,,N/A,0
937,640,1.0,1.0,1,,0.0,10,10,,N/A,0
938,49.88,1.0,1.0,1,,0.0,10,10,,N/A,0
939,E,1.0,1.0,1,,0.0,10,10,,N/A,0
940,B,0.7917,0.7917,3,F,0.2083,8,10,,N/A,0
941,"A, C, A, A, B, C",0.8158,0.8158,2,"C, B, A, A, C, A",0.0936,6,10,,N/A,0
942,36,1.0,1.0,1,,0.0,10,10,,N/A,0
